"DT_GERACAO";"HH_GERACAO";"CD_PLEITO";"SG_UF";"CD_MUNICIPIO";"NM_MUNICIPIO";"NR_ZONA";"NR_URNA_ESPERADA";"CD_CARGA_URNA_ESPERADA";"CD_FLASHCARD_URNA_ESPERADA";"DT_CARGA_URNA_ESPERADA";"ST_CORRESP_ALTERADA"
"27/10/2018";"14:41:59";"229";"AC";"01570";"ASSIS BRASIL";"6";"1176959";"153681156120986041876127";"23C345C4";"27/09/2018 09:49:00";"*"
"27/10/2018";"14:41:59";"229";"AC";"01570";"ASSIS BRASIL";"6";"1175789";"325398328837344082046955";"23C345C4";"27/09/2018 11:49:00";"*"
"27/10/2018";"14:41:59";"229";"AC";"01570";"ASSIS BRASIL";"6";"1174553";"244590247029516527410814";"23C345C4";"27/09/2018 09:41:00";"*"
"27/10/2018";"14:41:59";"229";"AC";"01570";"ASSIS BRASIL";"6";"1105693";"971863972602835025482527";"23C345C4";"27/09/2018 11:38:00";"*"
"27/10/2018";"14:41:59";"229";"AC";"01570";"ASSIS BRASIL";"6";"1104820";"709136700075210975163584";"23C345C4";"27/09/2018 10:52:00";"*"
"27/10/2018";"14:41:59";"229";"AC";"01570";"ASSIS BRASIL";"6";"1101091";"507116508355067106256812";"23C345C4";"27/09/2018 10:44:00";"*"
"27/10/2018";"14:41:59";"229";"AC";"01570";"ASSIS BRASIL";"6";"1072106";"790045794484562206517998";"23C345C4";"27/09/2018 11:28:00";"*"
"27/10/2018";"14:41:59";"229";"AC";"01570";"ASSIS BRASIL";"6";"1071674";"577823570762328492154267";"23C345C4";"27/09/2018 10:38:00";"*"
"27/10/2018";"14:41:59";"229";"AC";"01554";"MANOEL URBANO";"3";"1107252";"397472390575932684038608";"67F57686";"26/09/2018 17:57:00";"*"
"27/10/2018";"14:41:59";"229";"AC";"01554";"MANOEL URBANO";"3";"1106174";"367169362672567681056987";"67F57686";"26/09/2018 18:07:00";"*"
"27/10/2018";"14:41:59";"229";"AC";"01554";"MANOEL URBANO";"3";"1105834";"690402695505867756857991";"67F57686";"26/09/2018 17:43:00";"*"
"27/10/2018";"14:41:59";"229";"AC";"01554";"MANOEL URBANO";"3";"1104778";"680301681804924548214575";"67F57686";"20/10/2018 14:41:00";"*"
"27/10/2018";"14:41:59";"229";"AC";"01554";"MANOEL URBANO";"3";"1104748";"498482496685172695026633";"67F57686";"27/09/2018 15:03:00";"*"
"27/10/2018";"14:41:59";"229";"AC";"01554";"MANOEL URBANO";"3";"1104381";"609593603096542223774699";"67F57686";"26/09/2018 18:12:00";"*"
"27/10/2018";"14:41:59";"229";"AC";"01554";"MANOEL URBANO";"3";"1104090";"104543106146996187914715";"67F57686";"21/10/2018 10:41:00";"*"
"27/10/2018";"14:41:59";"229";"AC";"01554";"MANOEL URBANO";"3";"1103250";"781311789014334713141388";"67F57686";"21/10/2018 10:10:00";"*"
"27/10/2018";"14:41:59";"229";"AC";"01554";"MANOEL URBANO";"3";"1101968";"538886537989555372312994";"67F57686";"27/09/2018 14:53:00";"*"
"27/10/2018";"14:41:59";"229";"AC";"01554";"MANOEL URBANO";"3";"1101393";"488381482084377581269842";"67F57686";"26/09/2018 18:20:00";"*"
"27/10/2018";"14:41:59";"229";"AC";"01554";"MANOEL URBANO";"3";"1101320";"94442097745945823277741";"67F57686";"26/09/2018 18:02:00";"*"
"27/10/2018";"14:41:59";"229";"AC";"01554";"MANOEL URBANO";"3";"1056154";"660199668202598943522346";"67F57686";"27/09/2018 11:39:00";"*"
"27/10/2018";"14:41:59";"229";"AC";"01554";"MANOEL URBANO";"3";"1015902";"235856236959787802962017";"67F57686";"20/10/2018 11:01:00";"*"
"27/10/2018";"14:41:59";"229";"AC";"01554";"MANOEL URBANO";"3";"1015704";"751008752511278693730252";"67F57686";"26/09/2018 17:48:00";"*"
"27/10/2018";"14:41:59";"229";"AC";"01554";"MANOEL URBANO";"3";"1009099";"155048158551419071730806";"67F57686";"26/09/2018 17:53:00";"*"
"27/10/2018";"14:41:59";"229";"AC";"01554";"MANOEL URBANO";"3";"1005748";"306563304966365575176930";"67F57686";"20/10/2018 14:21:00";"*"
"27/10/2018";"14:41:59";"229";"AC";"01538";"SENADOR GUIOMARD";"8";"1193722";"378625376810235105649987";"C050F90C";"27/09/2018 10:57:00";"*"
"27/10/2018";"14:41:59";"229";"AC";"01538";"SENADOR GUIOMARD";"8";"1192281";"267514267099927666554093";"C050F90C";"27/09/2018 10:28:00";"*"
"27/10/2018";"14:41:59";"229";"AC";"01538";"SENADOR GUIOMARD";"8";"1106834";"378625373236924543381836";"E58BAE0F";"27/09/2018 10:09:00";"*"
"27/10/2018";"14:41:59";"229";"AC";"01538";"SENADOR GUIOMARD";"8";"1106451";"600948602233238811379856";"C050F90C";"27/09/2018 10:45:00";"*"
"27/10/2018";"14:41:59";"229";"AC";"01538";"SENADOR GUIOMARD";"8";"1105398";"348322348707494034199607";"C050F90C";"27/09/2018 10:12:00";"*"
"27/10/2018";"14:41:59";"229";"AC";"01538";"SENADOR GUIOMARD";"8";"1104882";"873675870186381811281581";"E58BAE0F";"27/09/2018 10:52:00";"*"
"27/10/2018";"14:41:59";"229";"AC";"01538";"SENADOR GUIOMARD";"8";"1104488";"974685973770052867001548";"C050F90C";"27/09/2018 10:11:00";"*"
"27/10/2018";"14:41:59";"229";"AC";"01538";"SENADOR GUIOMARD";"8";"1103744";"196807199118126056171385";"E58BAE0F";"27/09/2018 10:58:00";"*"
"27/10/2018";"14:41:59";"229";"AC";"01538";"SENADOR GUIOMARD";"8";"1103190";"802968802953112881036221";"C050F90C";"27/09/2018 10:23:00";"*"
"27/10/2018";"14:41:59";"229";"AC";"01538";"SENADOR GUIOMARD";"8";"1103013";"358423351608825781152734";"C050F90C";"27/09/2018 10:34:00";"*"
"27/10/2018";"14:41:59";"229";"AC";"01538";"SENADOR GUIOMARD";"8";"1101730";"611049616834897682231933";"C050F90C";"27/09/2018 10:40:00";"*"
"27/10/2018";"14:41:59";"229";"AC";"01538";"SENADOR GUIOMARD";"8";"1101701";"843372846783590165108903";"E58BAE0F";"27/09/2018 10:38:00";"*"
"27/10/2018";"14:41:59";"229";"AC";"01538";"SENADOR GUIOMARD";"8";"1101418";"893877892588250451368422";"E58BAE0F";"27/09/2018 10:15:00";"*"
"27/10/2018";"14:41:59";"229";"AC";"01538";"SENADOR GUIOMARD";"8";"1099189";"55493057004311243243403";"E58BAE0F";"27/09/2018 10:31:00";"*"
"27/10/2018";"14:41:59";"229";"AC";"01538";"SENADOR GUIOMARD";"8";"1081344";"4988000773506002417488";"C050F90C";"27/09/2018 10:17:00";"*"
"27/10/2018";"14:41:59";"229";"AC";"01538";"SENADOR GUIOMARD";"8";"1079784";"378625377736003118714829";"E58BAE0F";"27/09/2018 10:45:00";"*"
"27/10/2018";"14:41:59";"229";"AC";"01538";"SENADOR GUIOMARD";"8";"1014767";"287716286227389418700897";"E58BAE0F";"27/09/2018 10:20:00";"*"
"27/10/2018";"14:41:59";"229";"AC";"01538";"SENADOR GUIOMARD";"8";"1009938";"732261733146178906018414";"C050F90C";"27/09/2018 10:51:00";"*"
"27/10/2018";"14:41:59";"229";"AC";"01511";"PLÁCIDO DE CASTRO";"8";"1211566";"572145575592160397447074";"A38EE9E5";"26/09/2018 13:41:00";"*"
"27/10/2018";"14:41:59";"229";"AC";"01511";"PLÁCIDO DE CASTRO";"8";"1211221";"16589018936710381109493";"A38EE9E5";"27/09/2018 10:46:00";"*"
"27/10/2018";"14:41:59";"229";"AC";"01511";"PLÁCIDO DE CASTRO";"8";"1195253";"6488005635173577835331";"A38EE9E5";"26/09/2018 13:58:00";"*"
"27/10/2018";"14:41:59";"229";"AC";"01511";"PLÁCIDO DE CASTRO";"8";"1163039";"400428406363789371740097";"3EE74041";"27/09/2018 11:05:00";"*"
"27/10/2018";"14:41:59";"229";"AC";"01511";"PLÁCIDO DE CASTRO";"8";"1105945";"794367799202451204681478";"3EE74041";"26/09/2018 13:42:00";"*"
"27/10/2018";"14:41:59";"229";"AC";"01511";"PLÁCIDO DE CASTRO";"8";"1104870";"753963756098647093518355";"3EE74041";"26/09/2018 13:54:00";"*"
"27/10/2018";"14:41:59";"229";"AC";"01511";"PLÁCIDO DE CASTRO";"8";"1104794";"733761730908468540519618";"A38EE9E5";"26/09/2018 14:24:00";"*"
"27/10/2018";"14:41:59";"229";"AC";"01511";"PLÁCIDO DE CASTRO";"8";"1103627";"471135471770113104050799";"3EE74041";"26/09/2018 13:33:00";"*"
"27/10/2018";"14:41:59";"229";"AC";"01511";"PLÁCIDO DE CASTRO";"8";"1103259";"511539514474218706495556";"3EE74041";"27/09/2018 10:46:00";"*"
"27/10/2018";"14:41:59";"229";"AC";"01511";"PLÁCIDO DE CASTRO";"8";"1101288";"582246585781414240202884";"3EE74041";"26/09/2018 13:27:00";"*"
"27/10/2018";"14:41:59";"229";"AC";"01511";"PLÁCIDO DE CASTRO";"8";"1100816";"471135478482050104831392";"A38EE9E5";"27/09/2018 10:53:00";"*"
"27/10/2018";"14:41:59";"229";"AC";"01511";"PLÁCIDO DE CASTRO";"8";"1077144";"258913256160946683077398";"A38EE9E5";"26/09/2018 14:06:00";"*"
"27/10/2018";"14:41:59";"229";"AC";"01511";"PLÁCIDO DE CASTRO";"8";"1070975";"309418300153318723799858";"3EE74041";"26/09/2018 13:47:00";"*"
"27/10/2018";"14:41:59";"229";"AC";"01511";"PLÁCIDO DE CASTRO";"8";"1033699";"410529413276165486504231";"A38EE9E5";"26/09/2018 13:52:00";"*"
"27/10/2018";"14:41:59";"229";"AC";"01511";"PLÁCIDO DE CASTRO";"8";"1031579";"824670822605467703805648";"3EE74041";"26/09/2018 14:14:00";"*"
"27/10/2018";"14:41:59";"229";"AC";"01511";"PLÁCIDO DE CASTRO";"8";"1010083";"157903155038427305312003";"3EE74041";"26/09/2018 14:00:00";"*"
"27/10/2018";"14:41:59";"229";"AC";"01490";"XAPURI";"2";"1192839";"215743212430219052309238";"8A75AE2D";"28/09/2018 15:15:00";"*"
"27/10/2018";"14:41:59";"229";"AC";"01490";"XAPURI";"2";"1190764";"801602804689624915057296";"8A75AE2D";"28/09/2018 14:14:00";"*"
"27/10/2018";"14:41:59";"229";"AC";"01490";"XAPURI";"2";"1179059";"367258364645339683265817";"8A75AE2D";"28/09/2018 14:51:00";"*"
"27/10/2018";"14:41:59";"229";"AC";"01490";"XAPURI";"2";"1159859";"397561398348615491252497";"8A75AE2D";"28/09/2018 15:53:00";"*"
"27/10/2018";"14:41:59";"229";"AC";"01490";"XAPURI";"2";"1136941";"145036143358866315476592";"2C4E4BF6";"28/09/2018 15:11:00";"*"
"27/10/2018";"14:41:59";"229";"AC";"01490";"XAPURI";"2";"1106789";"559177554399258853111846";"2C4E4BF6";"28/09/2018 15:02:00";"*"
"27/10/2018";"14:41:59";"229";"AC";"01490";"XAPURI";"2";"1105850";"54127057714143150774194";"8A75AE2D";"28/09/2018 15:25:00";"*"
"27/10/2018";"14:41:59";"229";"AC";"01490";"XAPURI";"2";"1104876";"276349276671159150581199";"2C4E4BF6";"28/09/2018 14:41:00";"*"
"27/10/2018";"14:41:59";"229";"AC";"01490";"XAPURI";"2";"1104873";"549076546663009199863984";"8A75AE2D";"28/09/2018 14:58:00";"*"
"27/10/2018";"14:41:59";"229";"AC";"01490";"XAPURI";"2";"1104407";"781400782187572222863346";"8A75AE2D";"28/09/2018 14:31:00";"*"
"27/10/2018";"14:41:59";"229";"AC";"01490";"XAPURI";"2";"1103319";"84430086452453617980842";"2C4E4BF6";"28/09/2018 14:48:00";"*"
"27/10/2018";"14:41:59";"229";"AC";"01490";"XAPURI";"2";"1103082";"367258368580820091144900";"2C4E4BF6";"28/09/2018 14:58:00";"*"
"27/10/2018";"14:41:59";"229";"AC";"01490";"XAPURI";"2";"1024892";"13723014110171924365301";"8A75AE2D";"28/09/2018 14:45:00";"*"
"27/10/2018";"14:41:59";"229";"AC";"01490";"XAPURI";"2";"1023814";"185440187927398470149106";"8A75AE2D";"28/09/2018 14:37:00";"*"
"27/10/2018";"14:41:59";"229";"AC";"01490";"XAPURI";"2";"1014927";"892511899398544113816160";"8A75AE2D";"28/09/2018 15:10:00";"*"
"27/10/2018";"14:41:59";"229";"AC";"01490";"XAPURI";"2";"1011077";"316753310075191641879017";"2C4E4BF6";"28/09/2018 15:22:00";"*"
"27/10/2018";"14:41:59";"229";"AC";"01473";"TARAUACÁ";"5";"1205955";"701125700130877049233575";"5EC4D04A";"27/09/2018 18:14:00";"*"
"27/10/2018";"14:41:59";"229";"AC";"01473";"TARAUACÁ";"5";"1193993";"236478235443269196432852";"0C3BC33C";"27/09/2018 17:31:00";"*"
"27/10/2018";"14:41:59";"229";"AC";"01473";"TARAUACÁ";"5";"1193832";"539408530271408011445042";"C044759D";"27/09/2018 18:01:00";"*"
"27/10/2018";"14:41:59";"229";"AC";"01473";"TARAUACÁ";"5";"1193725";"216276217939485078033637";"C044759D";"27/09/2018 15:55:00";"*"
"27/10/2018";"14:41:59";"229";"AC";"01473";"TARAUACÁ";"5";"1192427";"337488337951567857849545";"C044759D";"28/09/2018 09:13:00";"*"
"27/10/2018";"14:41:59";"229";"AC";"01473";"TARAUACÁ";"5";"1188929";"590014590179747663671237";"0C3BC33C";"27/09/2018 18:05:00";"*"
"27/10/2018";"14:41:59";"229";"AC";"01473";"TARAUACÁ";"5";"1181920";"549509545291061150194382";"6F3A5A0A";"27/09/2018 17:38:00";"*"
"27/10/2018";"14:41:59";"229";"AC";"01473";"TARAUACÁ";"5";"1176830";"196074195539629649005739";"0C3BC33C";"28/09/2018 10:06:00";"*"
"27/10/2018";"14:41:59";"229";"AC";"01473";"TARAUACÁ";"5";"1175732";"842539842202063638806423";"C044759D";"27/09/2018 17:25:00";"*"
"27/10/2018";"14:41:59";"229";"AC";"01473";"TARAUACÁ";"5";"1125005";"943549942254161269193785";"5EC4D04A";"27/09/2018 17:25:00";"*"
"27/10/2018";"14:41:59";"229";"AC";"01473";"TARAUACÁ";"5";"1104682";"549509545491801686839638";"6F3A5A0A";"27/09/2018 17:43:00";"*"
"27/10/2018";"14:41:59";"229";"AC";"01473";"TARAUACÁ";"5";"1104019";"74862075125759829247846";"C044759D";"27/09/2018 17:49:00";"*"
"27/10/2018";"14:41:59";"229";"AC";"01473";"TARAUACÁ";"5";"1103982";"458600455705741835174733";"5EC4D04A";"27/09/2018 18:07:00";"*"
"27/10/2018";"14:41:59";"229";"AC";"01473";"TARAUACÁ";"5";"1098196";"499004498969796847409450";"0C3BC33C";"28/09/2018 09:14:00";"*"
"27/10/2018";"14:41:59";"229";"AC";"01473";"TARAUACÁ";"5";"1088716";"973852978015428835561092";"C044759D";"27/09/2018 17:37:00";"*"
"27/10/2018";"14:41:59";"229";"AC";"01473";"TARAUACÁ";"5";"1077944";"418296413301356515588810";"5EC4D04A";"27/09/2018 18:02:00";"*"
"27/10/2018";"14:41:59";"229";"AC";"01473";"TARAUACÁ";"5";"1075898";"226377228042447741096021";"0C3BC33C";"27/09/2018 17:25:00";"*"
"27/10/2018";"14:41:59";"229";"AC";"01473";"TARAUACÁ";"5";"1069630";"367791366773564024128127";"6F3A5A0A";"27/09/2018 16:35:00";"*"
"27/10/2018";"14:41:59";"229";"AC";"01473";"TARAUACÁ";"5";"1067325";"549509548074102903366387";"0C3BC33C";"28/09/2018 09:09:00";"*"
"27/10/2018";"14:41:59";"229";"AC";"01473";"TARAUACÁ";"5";"1065029";"206175204380762576199276";"5EC4D04A";"28/09/2018 09:09:00";"*"
"27/10/2018";"14:41:59";"229";"AC";"01473";"TARAUACÁ";"5";"1061397";"428397420979522010244965";"6F3A5A0A";"27/09/2018 17:32:00";"*"
"27/10/2018";"14:41:59";"229";"AC";"01473";"TARAUACÁ";"5";"1032962";"529307525989209228241373";"6F3A5A0A";"27/09/2018 17:49:00";"*"
"27/10/2018";"14:41:59";"229";"AC";"01473";"TARAUACÁ";"5";"1032952";"175872171354462016836098";"6F3A5A0A";"27/09/2018 18:07:00";"*"
"27/10/2018";"14:41:59";"229";"AC";"01473";"TARAUACÁ";"5";"1031468";"701125708707574889313228";"6F3A5A0A";"27/09/2018 18:01:00";"*"
"27/10/2018";"14:41:59";"229";"AC";"01473";"TARAUACÁ";"5";"1031233";"367791366154652805968371";"C044759D";"27/09/2018 18:07:00";"*"
"27/10/2018";"14:41:59";"229";"AC";"01473";"TARAUACÁ";"5";"1031016";"973852971317178797295712";"0C3BC33C";"27/09/2018 16:35:00";"*"
"27/10/2018";"14:41:59";"229";"AC";"01473";"TARAUACÁ";"5";"1029702";"398094391876959907900582";"6F3A5A0A";"28/09/2018 09:09:00";"*"
"27/10/2018";"14:41:59";"229";"AC";"01473";"TARAUACÁ";"5";"1029384";"953650955232535756499464";"6F3A5A0A";"28/09/2018 09:18:00";"*"
"27/10/2018";"14:41:59";"229";"AC";"01473";"TARAUACÁ";"5";"1023710";"781933789615004142932160";"6F3A5A0A";"27/09/2018 17:25:00";"*"
"27/10/2018";"14:41:59";"229";"AC";"01473";"TARAUACÁ";"5";"1015369";"337488336653895200930177";"0C3BC33C";"27/09/2018 17:56:00";"*"
"27/10/2018";"14:41:59";"229";"AC";"01473";"TARAUACÁ";"5";"1014434";"165771166976746878759990";"5EC4D04A";"28/09/2018 09:18:00";"*"
"27/10/2018";"14:41:59";"229";"AC";"01473";"TARAUACÁ";"5";"1013731";"620317620080053026613340";"C044759D";"27/09/2018 16:47:00";"*"
"27/10/2018";"14:41:59";"229";"AC";"01473";"TARAUACÁ";"5";"1013233";"610216618279177710136209";"C044759D";"28/09/2018 09:09:00";"*"
"27/10/2018";"14:41:59";"229";"AC";"01473";"TARAUACÁ";"5";"1012959";"347589347171838803440728";"6F3A5A0A";"27/09/2018 17:55:00";"*"
"27/10/2018";"14:41:59";"229";"AC";"01473";"TARAUACÁ";"5";"1009660";"297084292749556263297774";"0C3BC33C";"27/09/2018 17:43:00";"*"
"27/10/2018";"14:41:59";"229";"AC";"01473";"TARAUACÁ";"5";"1008914";"963751968716646383932398";"0C3BC33C";"27/09/2018 17:49:00";"*"
"27/10/2018";"14:41:59";"229";"AC";"01457";"SENA MADUREIRA";"3";"1142983";"813614813746515825719117";"AD541B52";"26/09/2018 14:41:00";"*"
"27/10/2018";"14:41:59";"229";"AC";"01457";"SENA MADUREIRA";"3";"1114304";"975230971762791948910585";"AD541B52";"26/09/2018 15:15:00";"*"
"27/10/2018";"14:41:59";"229";"AC";"01457";"SENA MADUREIRA";"3";"1106701";"934826932157713432378690";"C6886884";"26/09/2018 18:01:00";"*"
"27/10/2018";"14:41:59";"229";"AC";"01457";"SENA MADUREIRA";"3";"1103850";"884321884252293646340514";"C6886884";"26/09/2018 17:29:00";"*"
"27/10/2018";"14:41:59";"229";"AC";"01457";"SENA MADUREIRA";"3";"1102838";"470280474211706885752460";"C6886884";"26/09/2018 15:47:00";"*"
"27/10/2018";"14:41:59";"229";"AC";"01457";"SENA MADUREIRA";"3";"1102833";"520785520217812365060447";"AD541B52";"26/09/2018 18:17:00";"*"
"27/10/2018";"14:41:59";"229";"AC";"01457";"SENA MADUREIRA";"3";"1102722";"167149163980975892058299";"C6886884";"26/09/2018 15:41:00";"*"
"27/10/2018";"14:41:59";"229";"AC";"01457";"SENA MADUREIRA";"3";"1102507";"480381488012917221220664";"C6886884";"26/09/2018 18:19:00";"*"
"27/10/2018";"14:41:59";"229";"AC";"01457";"SENA MADUREIRA";"3";"1102472";"288361288592330189845101";"C6886884";"26/09/2018 16:08:00";"*"
"27/10/2018";"14:41:59";"229";"AC";"01457";"SENA MADUREIRA";"3";"1094638";"591492595024154555295154";"AD541B52";"26/09/2018 15:20:00";"*"
"27/10/2018";"14:41:59";"229";"AC";"01457";"SENA MADUREIRA";"3";"1080147";"722705728337660902303943";"AD541B52";"26/09/2018 18:12:00";"*"
"27/10/2018";"14:41:59";"229";"AC";"01457";"SENA MADUREIRA";"3";"1078853";"288361282492112460835558";"C6886884";"26/09/2018 17:12:00";"*"
"27/10/2018";"14:41:59";"229";"AC";"01457";"SENA MADUREIRA";"3";"1078246";"369169360601169688448566";"AD541B52";"26/09/2018 15:06:00";"*"
"27/10/2018";"14:41:59";"229";"AC";"01457";"SENA MADUREIRA";"3";"1069730";"268159266490892661406926";"C6886884";"26/09/2018 16:02:00";"*"
"27/10/2018";"14:41:59";"229";"AC";"01457";"SENA MADUREIRA";"3";"1057136";"823715820347091517657376";"AD541B52";"26/09/2018 18:08:00";"*"
"27/10/2018";"14:41:59";"229";"AC";"01457";"SENA MADUREIRA";"3";"1023799";"369169362300459277544371";"C6886884";"26/09/2018 17:07:00";"*"
"27/10/2018";"14:41:59";"229";"AC";"01457";"SENA MADUREIRA";"3";"1023712";"470280478312925760398944";"AD541B52";"26/09/2018 15:01:00";"*"
"27/10/2018";"14:41:59";"229";"AC";"01457";"SENA MADUREIRA";"3";"1014594";"813614810745922102673487";"C6886884";"26/09/2018 15:54:00";"*"
"27/10/2018";"14:41:59";"229";"AC";"01392";"RIO BRANCO";"9";"1510019";"570456570434125802812015";"B761998C";"30/09/2018 15:26:00";"*"
"27/10/2018";"14:41:59";"229";"AC";"01392";"RIO BRANCO";"9";"1224914";"742173746521099974686218";"1DA4648F";"30/09/2018 18:01:00";"*"
"27/10/2018";"14:41:59";"229";"AC";"01392";"RIO BRANCO";"9";"1211569";"540153547901273234032920";"1DA4648F";"30/09/2018 17:08:00";"*"
"27/10/2018";"14:41:59";"229";"AC";"01392";"RIO BRANCO";"9";"1211281";"176416177152840406955152";"584831CE";"30/09/2018 18:23:00";"*"
"27/10/2018";"14:41:59";"229";"AC";"01392";"RIO BRANCO";"9";"1211273";"176416177857331772185513";"921BFFA5";"30/09/2018 15:03:00";"*"
"27/10/2018";"14:41:59";"229";"AC";"01392";"RIO BRANCO";"9";"1210680";"398638390330160265927512";"B9BABA30";"30/09/2018 18:07:00";"*"
"27/10/2018";"14:41:59";"229";"AC";"01392";"RIO BRANCO";"9";"1194963";"459244455287093378123485";"F7CDDE5D";"30/09/2018 16:17:00";"*"
"27/10/2018";"14:41:59";"229";"AC";"01392";"RIO BRANCO";"9";"1194311";"95608090181654665028770";"FADB1606";"30/09/2018 18:04:00";"*"
"27/10/2018";"14:41:59";"229";"AC";"01392";"RIO BRANCO";"9";"1185324";"449143447226134887634374";"4741240A";"30/09/2018 18:32:00";"*"
"27/10/2018";"14:41:59";"229";"AC";"01392";"RIO BRANCO";"9";"1176510";"186517181165471268249022";"1DA4648F";"30/09/2018 16:12:00";"*"
"27/10/2018";"14:41:59";"229";"AC";"01392";"RIO BRANCO";"9";"1170498";"822981827422480712413029";"921BFFA5";"30/09/2018 17:07:00";"*"
"27/10/2018";"14:41:59";"229";"AC";"01392";"RIO BRANCO";"9";"1170293";"418840417488859617580678";"1DA4648F";"30/09/2018 18:11:00";"*"
"27/10/2018";"14:41:59";"229";"AC";"01392";"RIO BRANCO";"9";"1126066";"469345465828117106591638";"4741240A";"30/09/2018 18:14:00";"*"
"27/10/2018";"14:41:59";"229";"AC";"01392";"RIO BRANCO";"9";"1125050";"489547488691043620471160";"2F642622";"30/09/2018 18:04:00";"*"
"27/10/2018";"14:41:59";"229";"AC";"01392";"RIO BRANCO";"9";"1106906";"348133342174019501654249";"921BFFA5";"30/09/2018 15:19:00";"*"
"27/10/2018";"14:41:59";"229";"AC";"01392";"RIO BRANCO";"9";"1106784";"358234357870046614400049";"584831CE";"30/09/2018 17:51:00";"*"
"27/10/2018";"14:41:59";"229";"AC";"01392";"RIO BRANCO";"9";"1106707";"146113149605838838421737";"B9BABA30";"30/09/2018 18:32:00";"*"
"27/10/2018";"14:41:59";"229";"AC";"01392";"RIO BRANCO";"9";"1106421";"822981821124516846398191";"F7CDDE5D";"30/09/2018 17:51:00";"*"
"27/10/2018";"14:41:59";"229";"AC";"01392";"RIO BRANCO";"9";"1106227";"75406077654760977121531";"1DA4648F";"30/09/2018 17:51:00";"*"
"27/10/2018";"14:41:59";"229";"AC";"01392";"RIO BRANCO";"9";"1106099";"348133348476032105351636";"F7CDDE5D";"30/09/2018 18:32:00";"*"
"27/10/2018";"14:41:59";"229";"AC";"01392";"RIO BRANCO";"9";"1105961";"206719201997951604648328";"B761998C";"30/09/2018 17:17:00";"*"
"27/10/2018";"14:41:59";"229";"AC";"01392";"RIO BRANCO";"9";"1105922";"732072733713404882402879";"921BFFA5";"30/09/2018 18:23:00";"*"
"27/10/2018";"14:41:59";"229";"AC";"01392";"RIO BRANCO";"9";"1105888";"247123240132820968070448";"272F5227";"30/09/2018 16:51:00";"*"
"27/10/2018";"14:41:59";"229";"AC";"01392";"RIO BRANCO";"9";"1105849";"822981822422518884150462";"921BFFA5";"30/09/2018 17:51:00";"*"
"27/10/2018";"14:41:59";"229";"AC";"01392";"RIO BRANCO";"9";"1105750";"893688895431458568676433";"F7CDDE5D";"30/09/2018 16:42:00";"*"
"27/10/2018";"14:41:59";"229";"AC";"01392";"RIO BRANCO";"9";"1105695";"277426277499107499977508";"FADB1606";"30/09/2018 18:34:00";"*"
"27/10/2018";"14:41:59";"229";"AC";"01392";"RIO BRANCO";"9";"1105690";"863385868826759170023640";"921BFFA5";"30/09/2018 17:19:00";"*"
"27/10/2018";"14:41:59";"229";"AC";"01392";"RIO BRANCO";"9";"1105669";"964395964604600147057711";"272F5227";"30/09/2018 16:17:00";"*"
"27/10/2018";"14:41:59";"229";"AC";"01392";"RIO BRANCO";"9";"1105326";"277426278504004906480994";"B761998C";"30/09/2018 17:08:00";"*"
"27/10/2018";"14:41:59";"229";"AC";"01392";"RIO BRANCO";"9";"1105316";"24901024945763160402265";"2F642622";"30/09/2018 18:24:00";"*"
"27/10/2018";"14:41:59";"229";"AC";"01392";"RIO BRANCO";"9";"1105267";"85507081251680794412540";"2F642622";"30/09/2018 17:41:00";"*"
"27/10/2018";"14:41:59";"229";"AC";"01392";"RIO BRANCO";"9";"1105047";"358234350377799871863436";"F7CDDE5D";"30/09/2018 18:11:00";"*"
"27/10/2018";"14:41:59";"229";"AC";"01392";"RIO BRANCO";"9";"1105028";"903789904562375775942981";"FADB1606";"30/09/2018 17:13:00";"*"
"27/10/2018";"14:41:59";"229";"AC";"01392";"RIO BRANCO";"9";"1104941";"812880814916566831442212";"584831CE";"30/09/2018 17:17:00";"*"
"27/10/2018";"14:41:59";"229";"AC";"01392";"RIO BRANCO";"9";"1104902";"580557589193143633534857";"584831CE";"30/09/2018 16:42:00";"*"
"27/10/2018";"14:41:59";"229";"AC";"01392";"RIO BRANCO";"9";"1104860";"974496977139552488822560";"F7CDDE5D";"30/09/2018 16:51:00";"*"
"27/10/2018";"14:41:59";"229";"AC";"01392";"RIO BRANCO";"9";"1104796";"792678793321182002180715";"F7CDDE5D";"30/09/2018 15:15:00";"*"
"27/10/2018";"14:41:59";"229";"AC";"01392";"RIO BRANCO";"9";"1104772";"974496979339570450598974";"F7CDDE5D";"30/09/2018 18:22:00";"*"
"27/10/2018";"14:41:59";"229";"AC";"01392";"RIO BRANCO";"9";"1104690";"287527282168861853608054";"921BFFA5";"30/09/2018 16:51:00";"*"
"27/10/2018";"14:41:59";"229";"AC";"01392";"RIO BRANCO";"9";"1104623";"176416176030079727159872";"467DC7B5";"30/09/2018 17:54:00";"*"
"27/10/2018";"14:41:59";"229";"AC";"01392";"RIO BRANCO";"9";"1104560";"186517187153607444321903";"584831CE";"30/09/2018 18:02:00";"*"
"27/10/2018";"14:41:59";"229";"AC";"01392";"RIO BRANCO";"9";"1104525";"105709106492709805470493";"4741240A";"30/09/2018 17:41:00";"*"
"27/10/2018";"14:41:59";"229";"AC";"01392";"RIO BRANCO";"9";"1104486";"772476779919191404701772";"F7CDDE5D";"30/09/2018 18:02:00";"*"
"27/10/2018";"14:41:59";"229";"AC";"01392";"RIO BRANCO";"9";"1104439";"721971726644620165883767";"FADB1606";"30/09/2018 17:54:00";"*"
"27/10/2018";"14:41:59";"229";"AC";"01392";"RIO BRANCO";"9";"1104279";"35002032716687319715620";"467DC7B5";"30/09/2018 18:14:00";"*"
"27/10/2018";"14:41:59";"229";"AC";"01392";"RIO BRANCO";"9";"1104260";"529951528499277933278475";"1DA4648F";"30/09/2018 17:17:00";"*"
"27/10/2018";"14:41:59";"229";"AC";"01392";"RIO BRANCO";"9";"1104248";"368335361871202354391850";"584831CE";"30/09/2018 17:27:00";"*"
"27/10/2018";"14:41:59";"229";"AC";"01392";"RIO BRANCO";"9";"1104237";"24901026493920216448524";"B9BABA30";"30/09/2018 17:54:00";"*"
"27/10/2018";"14:41:59";"229";"AC";"01392";"RIO BRANCO";"9";"1104028";"14800014709907857354317";"272F5227";"30/09/2018 17:19:00";"*"
"27/10/2018";"14:41:59";"229";"AC";"01392";"RIO BRANCO";"9";"1103958";"469345467923158740224748";"B761998C";"30/09/2018 17:51:00";"*"
"27/10/2018";"14:41:59";"229";"AC";"01392";"RIO BRANCO";"9";"1103864";"903789909198419863704147";"272F5227";"30/09/2018 18:12:00";"*"
"27/10/2018";"14:41:59";"229";"AC";"01392";"RIO BRANCO";"9";"1103784";"358234355175706776219273";"921BFFA5";"30/09/2018 18:01:00";"*"
"27/10/2018";"14:41:59";"229";"AC";"01392";"RIO BRANCO";"9";"1103780";"661365664643830093644993";"B761998C";"30/09/2018 17:00:00";"*"
"27/10/2018";"14:41:59";"229";"AC";"01392";"RIO BRANCO";"9";"1103462";"368335369144031282912789";"272F5227";"30/09/2018 15:19:00";"*"
"27/10/2018";"14:41:59";"229";"AC";"01392";"RIO BRANCO";"9";"1103438";"843183846061196478051493";"B761998C";"30/09/2018 18:01:00";"*"
"27/10/2018";"14:41:59";"229";"AC";"01392";"RIO BRANCO";"9";"1103416";"873486872322049970278674";"584831CE";"30/09/2018 17:00:00";"*"
"27/10/2018";"14:41:59";"229";"AC";"01392";"RIO BRANCO";"9";"1103392";"570456573848046193830835";"B9BABA30";"30/09/2018 17:13:00";"*"
"27/10/2018";"14:41:59";"229";"AC";"01392";"RIO BRANCO";"9";"1103384";"186517180660025362476037";"F7CDDE5D";"30/09/2018 17:27:00";"*"
"27/10/2018";"14:41:59";"229";"AC";"01392";"RIO BRANCO";"9";"1103363";"257224258267078078439993";"F7CDDE5D";"30/09/2018 17:18:00";"*"
"27/10/2018";"14:41:59";"229";"AC";"01392";"RIO BRANCO";"9";"1103310";"176416179294732240518944";"B761998C";"30/09/2018 16:42:00";"*"
"27/10/2018";"14:41:59";"229";"AC";"01392";"RIO BRANCO";"9";"1103244";"822981821964597686939887";"4741240A";"30/09/2018 18:07:00";"*"
"27/10/2018";"14:41:59";"229";"AC";"01392";"RIO BRANCO";"9";"1102846";"95608099744821710897116";"584831CE";"30/09/2018 17:08:00";"*"
"27/10/2018";"14:41:59";"229";"AC";"01392";"RIO BRANCO";"9";"1102783";"944193949202634328868780";"272F5227";"30/09/2018 17:51:00";"*"
"27/10/2018";"14:41:59";"229";"AC";"01392";"RIO BRANCO";"9";"1102681";"721971724515050784849680";"2F642622";"30/09/2018 17:11:00";"*"
"27/10/2018";"14:41:59";"229";"AC";"01392";"RIO BRANCO";"9";"1102518";"641163641646548359424039";"4741240A";"30/09/2018 17:54:00";"*"
"27/10/2018";"14:41:59";"229";"AC";"01392";"RIO BRANCO";"9";"1102508";"923991923339525702215809";"1DA4648F";"30/09/2018 18:22:00";"*"
"27/10/2018";"14:41:59";"229";"AC";"01392";"RIO BRANCO";"9";"1102478";"368335364744039156207225";"272F5227";"30/09/2018 18:23:00";"*"
"27/10/2018";"14:41:59";"229";"AC";"01392";"RIO BRANCO";"9";"1102452";"934092932840101731174477";"1DA4648F";"30/09/2018 17:00:00";"*"
"27/10/2018";"14:41:59";"229";"AC";"01392";"RIO BRANCO";"9";"1102389";"247123244837809590875328";"467DC7B5";"30/09/2018 18:04:00";"*"
"27/10/2018";"14:41:59";"229";"AC";"01392";"RIO BRANCO";"9";"1102385";"903789907826800689844141";"A1DFB042";"30/09/2018 17:54:00";"*"
"27/10/2018";"14:41:59";"229";"AC";"01392";"RIO BRANCO";"9";"1101765";"681567685308528201598342";"921BFFA5";"30/09/2018 17:27:00";"*"
"27/10/2018";"14:41:59";"229";"AC";"01392";"RIO BRANCO";"9";"1101666";"267325261373827018171479";"1DA4648F";"30/09/2018 16:42:00";"*"
"27/10/2018";"14:41:59";"229";"AC";"01392";"RIO BRANCO";"9";"1101577";"317830313171828535786985";"921BFFA5";"30/09/2018 18:12:00";"*"
"27/10/2018";"14:41:59";"229";"AC";"01392";"RIO BRANCO";"9";"1101471";"853284852476456315306142";"B9BABA30";"30/09/2018 17:41:00";"*"
"27/10/2018";"14:41:59";"229";"AC";"01392";"RIO BRANCO";"9";"1101461";"146113144291655823093991";"B761998C";"30/09/2018 18:12:00";"*"
"27/10/2018";"14:41:59";"229";"AC";"01392";"RIO BRANCO";"9";"1101291";"277426277470966264958255";"2F642622";"30/09/2018 18:32:00";"*"
"27/10/2018";"14:41:59";"229";"AC";"01392";"RIO BRANCO";"9";"1101257";"651264652273798425262391";"272F5227";"30/09/2018 16:59:00";"*"
"27/10/2018";"14:41:59";"229";"AC";"01392";"RIO BRANCO";"9";"1101160";"631062636145728827485187";"4741240A";"30/09/2018 17:48:00";"*"
"27/10/2018";"14:41:59";"229";"AC";"01392";"RIO BRANCO";"9";"1100984";"519850515498098353244462";"1DA4648F";"30/09/2018 16:51:00";"*"
"27/10/2018";"14:41:59";"229";"AC";"01392";"RIO BRANCO";"9";"1100844";"348133348676481723005173";"F7CDDE5D";"30/09/2018 16:59:00";"*"
"27/10/2018";"14:41:59";"229";"AC";"01392";"RIO BRANCO";"9";"1100726";"35002034446684778186047";"2F642622";"30/09/2018 18:14:00";"*"
"27/10/2018";"14:41:59";"229";"AC";"01392";"RIO BRANCO";"9";"1100718";"35002035111665406741157";"272F5227";"30/09/2018 16:43:00";"*"
"27/10/2018";"14:41:59";"229";"AC";"01392";"RIO BRANCO";"9";"1100708";"873486872459475459493975";"FADB1606";"30/09/2018 17:41:00";"*"
"27/10/2018";"14:41:59";"229";"AC";"01392";"RIO BRANCO";"9";"1100703";"974496978937112172837212";"921BFFA5";"30/09/2018 16:59:00";"*"
"27/10/2018";"14:41:59";"229";"AC";"01392";"RIO BRANCO";"9";"1100643";"610860619038191778133568";"B761998C";"30/09/2018 16:51:00";"*"
"27/10/2018";"14:41:59";"229";"AC";"01392";"RIO BRANCO";"9";"1100366";"762375763318522012060384";"F7CDDE5D";"30/09/2018 14:48:00";"*"
"27/10/2018";"14:41:59";"229";"AC";"01392";"RIO BRANCO";"9";"1099547";"297628296006132870344562";"B761998C";"30/09/2018 17:27:00";"*"
"27/10/2018";"14:41:59";"229";"AC";"01392";"RIO BRANCO";"9";"1098849";"873486874822824517760947";"584831CE";"30/09/2018 15:00:00";"*"
"27/10/2018";"14:41:59";"229";"AC";"01392";"RIO BRANCO";"9";"1097420";"166315163724003095289482";"272F5227";"30/09/2018 17:27:00";"*"
"27/10/2018";"14:41:59";"229";"AC";"01392";"RIO BRANCO";"9";"1097146";"277426270335624295090735";"272F5227";"30/09/2018 18:01:00";"*"
"27/10/2018";"14:41:59";"229";"AC";"01392";"RIO BRANCO";"9";"1093375";"317830310944919963472365";"467DC7B5";"30/09/2018 17:41:00";"*"
"27/10/2018";"14:41:59";"229";"AC";"01392";"RIO BRANCO";"9";"1089993";"499648491684001097855403";"584831CE";"30/09/2018 18:12:00";"*"
"27/10/2018";"14:41:59";"229";"AC";"01392";"RIO BRANCO";"9";"1080431";"348133340111018529282486";"B761998C";"30/09/2018 18:23:00";"*"
"27/10/2018";"14:41:59";"229";"AC";"01392";"RIO BRANCO";"9";"1076750";"14800014541658940220192";"921BFFA5";"30/09/2018 16:17:00";"*"
"27/10/2018";"14:41:59";"229";"AC";"01392";"RIO BRANCO";"9";"1075925";"641163642511962734088715";"1DA4648F";"30/09/2018 15:14:00";"*"
"27/10/2018";"14:41:59";"229";"AC";"01392";"RIO BRANCO";"9";"1073083";"994698992771646943980605";"FADB1606";"30/09/2018 18:14:00";"*"
"27/10/2018";"14:41:59";"229";"AC";"01392";"RIO BRANCO";"9";"1067708";"893688894824475233022792";"584831CE";"30/09/2018 16:51:00";"*"
"27/10/2018";"14:41:59";"229";"AC";"01392";"RIO BRANCO";"9";"1064298";"530052534961190934966208";"272F5227";"30/09/2018 17:07:00";"*"
"27/10/2018";"14:41:59";"229";"AC";"01392";"RIO BRANCO";"9";"1042005";"408739405687247700671824";"1DA4648F";"30/09/2018 17:27:00";"*"
"27/10/2018";"14:41:59";"229";"AC";"01392";"RIO BRANCO";"9";"1038994";"196618193166482730554658";"1DA4648F";"30/09/2018 14:50:00";"*"
"27/10/2018";"14:41:59";"229";"AC";"01392";"RIO BRANCO";"9";"1035967";"873486876627437501838541";"921BFFA5";"30/09/2018 16:42:00";"*"
"27/10/2018";"14:41:59";"229";"AC";"01392";"RIO BRANCO";"9";"1031727";"903789907525012570347068";"584831CE";"30/09/2018 15:11:00";"*"
"27/10/2018";"14:41:59";"229";"AC";"01392";"RIO BRANCO";"1";"1516042";"348145340587227729587679";"30CE1513";"29/09/2018 11:27:00";"*"
"27/10/2018";"14:41:59";"229";"AC";"01392";"RIO BRANCO";"1";"1211083";"964307965471079622230625";"C26018AC";"29/09/2018 11:39:00";"*"
"27/10/2018";"14:41:59";"229";"AC";"01392";"RIO BRANCO";"1";"1211066";"752286753881630727448361";"08587790";"29/09/2018 11:27:00";"*"
"27/10/2018";"14:41:59";"229";"AC";"01392";"RIO BRANCO";"1";"1210632";"378448376455185348296484";"A84E10AF";"29/09/2018 11:26:00";"*"
"27/10/2018";"14:41:59";"229";"AC";"01392";"RIO BRANCO";"1";"1210094";"560367562515606024963373";"A6AA6DD3";"29/09/2018 10:57:00";"*"
"27/10/2018";"14:41:59";"229";"AC";"01392";"RIO BRANCO";"1";"1204866";"348145346952267039834002";"A84E10AF";"29/09/2018 12:26:00";"*"
"27/10/2018";"14:41:59";"229";"AC";"01392";"RIO BRANCO";"1";"1200271";"671478679026976222803060";"A6AA6DD3";"29/09/2018 11:10:00";"*"
"27/10/2018";"14:41:59";"229";"AC";"01392";"RIO BRANCO";"1";"1195313";"14812012032127865703527";"7FEA6467";"29/09/2018 11:39:00";"*"
"27/10/2018";"14:41:59";"229";"AC";"01392";"RIO BRANCO";"1";"1194317";"196630196537682961669625";"A84E10AF";"29/09/2018 10:23:00";"*"
"27/10/2018";"14:41:59";"229";"AC";"01392";"RIO BRANCO";"1";"1194303";"489559484763491521168040";"B4ED9275";"29/09/2018 11:55:00";"*"
"27/10/2018";"14:41:59";"229";"AC";"01392";"RIO BRANCO";"1";"1193967";"701781700488811650423562";"A84E10AF";"29/09/2018 11:39:00";"*"
"27/10/2018";"14:41:59";"229";"AC";"01392";"RIO BRANCO";"1";"1193197";"469357465752070158700169";"08587790";"29/09/2018 09:52:00";"*"
"27/10/2018";"14:41:59";"229";"AC";"01392";"RIO BRANCO";"1";"1185645";"95620098943789658587345";"889D071C";"29/09/2018 11:33:00";"*"
"27/10/2018";"14:41:59";"229";"AC";"01392";"RIO BRANCO";"1";"1178025";"954206952713616064244250";"A84E10AF";"29/09/2018 11:50:00";"*"
"27/10/2018";"14:41:59";"229";"AC";"01392";"RIO BRANCO";"1";"1161331";"691680692366184277212312";"4DDD1A3A";"29/09/2018 10:23:00";"*"
"27/10/2018";"14:41:59";"229";"AC";"01392";"RIO BRANCO";"1";"1146690";"348145348952879893081003";"A84E10AF";"29/09/2018 10:41:00";"*"
"27/10/2018";"14:41:59";"229";"AC";"01392";"RIO BRANCO";"1";"1144109";"479458473178888362904414";"7FEA6467";"29/09/2018 12:10:00";"*"
"27/10/2018";"14:41:59";"229";"AC";"01392";"RIO BRANCO";"1";"1142848";"449155449450573687296726";"08587790";"29/09/2018 11:48:00";"*"
"27/10/2018";"14:41:59";"229";"AC";"01392";"RIO BRANCO";"1";"1127448";"368347368189843817787167";"30CE1513";"29/09/2018 12:11:00";"*"
"27/10/2018";"14:41:59";"229";"AC";"01392";"RIO BRANCO";"1";"1126451";"95620099343108546605541";"889D071C";"29/09/2018 11:55:00";"*"
"27/10/2018";"14:41:59";"229";"AC";"01392";"RIO BRANCO";"1";"1123925";"449155443914092704266657";"07E827E0";"29/09/2018 11:15:00";"*"
"27/10/2018";"14:41:59";"229";"AC";"01392";"RIO BRANCO";"1";"1107147";"418852413456246932334527";"B4ED9275";"29/09/2018 11:35:00";"*"
"27/10/2018";"14:41:59";"229";"AC";"01392";"RIO BRANCO";"1";"1106378";"479458478778608621538792";"7FEA6467";"29/09/2018 11:48:00";"*"
"27/10/2018";"14:41:59";"229";"AC";"01392";"RIO BRANCO";"1";"1106327";"732084734904650819603599";"7FEA6467";"29/09/2018 12:26:00";"*"
"27/10/2018";"14:41:59";"229";"AC";"01392";"RIO BRANCO";"1";"1106234";"166327166931958913331338";"B4ED9275";"29/09/2018 11:17:00";"*"
"27/10/2018";"14:41:59";"229";"AC";"01392";"RIO BRANCO";"1";"1106223";"24913023599903192764791";"4DDD1A3A";"29/09/2018 11:27:00";"*"
"27/10/2018";"14:41:59";"229";"AC";"01392";"RIO BRANCO";"1";"1106183";"125923120418535391738732";"08587790";"29/09/2018 12:10:00";"*"
"27/10/2018";"14:41:59";"229";"AC";"01392";"RIO BRANCO";"1";"1105895";"85519086939640141455313";"7FEA6467";"29/09/2018 10:24:00";"*"
"27/10/2018";"14:41:59";"229";"AC";"01392";"RIO BRANCO";"1";"1105870";"186529181215310769759699";"4DDD1A3A";"29/09/2018 11:48:00";"*"
"27/10/2018";"14:41:59";"229";"AC";"01392";"RIO BRANCO";"1";"1105756";"348145345352318935853071";"A84E10AF";"29/09/2018 10:56:00";"*"
"27/10/2018";"14:41:59";"229";"AC";"01392";"RIO BRANCO";"1";"1105297";"237034236098117274157020";"C26018AC";"29/09/2018 11:27:00";"*"
"27/10/2018";"14:41:59";"229";"AC";"01392";"RIO BRANCO";"1";"1105120";"297640291935141839545753";"08587790";"29/09/2018 12:25:00";"*"
"27/10/2018";"14:41:59";"229";"AC";"01392";"RIO BRANCO";"1";"1104880";"24913029877945024407376";"C26018AC";"29/09/2018 12:26:00";"*"
"27/10/2018";"14:41:59";"229";"AC";"01392";"RIO BRANCO";"1";"1104865";"489559486707596291784304";"A6AA6DD3";"29/09/2018 11:39:00";"*"
"27/10/2018";"14:41:59";"229";"AC";"01392";"RIO BRANCO";"1";"1104848";"833094830701248944502633";"A84E10AF";"29/09/2018 12:10:00";"*"
"27/10/2018";"14:41:59";"229";"AC";"01392";"RIO BRANCO";"1";"1104839";"479458476987320534322285";"BC5179B2";"29/09/2018 11:44:00";"*"
"27/10/2018";"14:41:59";"229";"AC";"01392";"RIO BRANCO";"1";"1104832";"307741308961906146852229";"7FEA6467";"29/09/2018 10:42:00";"*"
"27/10/2018";"14:41:59";"229";"AC";"01392";"RIO BRANCO";"1";"1104777";"226933226337701540458817";"B4ED9275";"29/09/2018 12:11:00";"*"
"27/10/2018";"14:41:59";"229";"AC";"01392";"RIO BRANCO";"1";"1104771";"449155443103859829934864";"A6AA6DD3";"29/09/2018 12:10:00";"*"
"27/10/2018";"14:41:59";"229";"AC";"01392";"RIO BRANCO";"1";"1104686";"974408973350039386334433";"30CE1513";"29/09/2018 12:28:00";"*"
"27/10/2018";"14:41:59";"229";"AC";"01392";"RIO BRANCO";"1";"1104447";"671478675442973414346790";"C26018AC";"29/09/2018 11:10:00";"*"
"27/10/2018";"14:41:59";"229";"AC";"01392";"RIO BRANCO";"1";"1104368";"196630193094682195034767";"C26018AC";"29/09/2018 11:04:00";"*"
"27/10/2018";"14:41:59";"229";"AC";"01392";"RIO BRANCO";"1";"1104319";"75418077282113098903102";"C26018AC";"29/09/2018 10:57:00";"*"
"27/10/2018";"14:41:59";"229";"AC";"01392";"RIO BRANCO";"1";"1104263";"812892814096313947912510";"B4ED9275";"29/09/2018 12:20:00";"*"
"27/10/2018";"14:41:59";"229";"AC";"01392";"RIO BRANCO";"1";"1103467";"267337262623560895105808";"4DDD1A3A";"29/09/2018 11:10:00";"*"
"27/10/2018";"14:41:59";"229";"AC";"01392";"RIO BRANCO";"1";"1103402";"35014039221711644961225";"A84E10AF";"29/09/2018 09:53:00";"*"
"27/10/2018";"14:41:59";"229";"AC";"01392";"RIO BRANCO";"1";"1103378";"580569587117315889329400";"A6AA6DD3";"29/09/2018 11:51:00";"*"
"27/10/2018";"14:41:59";"229";"AC";"01392";"RIO BRANCO";"1";"1103369";"560367566715983477584953";"A6AA6DD3";"29/09/2018 11:03:00";"*"
"27/10/2018";"14:41:59";"229";"AC";"01392";"RIO BRANCO";"1";"1103201";"509761501690079381597802";"BC5179B2";"29/09/2018 12:21:00";"*"
"27/10/2018";"14:41:59";"229";"AC";"01392";"RIO BRANCO";"1";"1103196";"327943323529106623864851";"4DDD1A3A";"29/09/2018 12:24:00";"*"
"27/10/2018";"14:41:59";"229";"AC";"01392";"RIO BRANCO";"1";"1102968";"297640296435972038655601";"08587790";"29/09/2018 10:17:00";"*"
"27/10/2018";"14:41:59";"229";"AC";"01392";"RIO BRANCO";"1";"1102799";"721983723547629240490041";"C26018AC";"29/09/2018 12:17:00";"*"
"27/10/2018";"14:41:59";"229";"AC";"01392";"RIO BRANCO";"1";"1102798";"701781702429581346292050";"A6AA6DD3";"29/09/2018 11:27:00";"*"
"27/10/2018";"14:41:59";"229";"AC";"01392";"RIO BRANCO";"1";"1102702";"186529181924228503831336";"08587790";"29/09/2018 10:57:00";"*"
"27/10/2018";"14:41:59";"229";"AC";"01392";"RIO BRANCO";"1";"1102627";"833094834414514648602830";"7FEA6467";"29/09/2018 10:17:00";"*"
"27/10/2018";"14:41:59";"229";"AC";"01392";"RIO BRANCO";"1";"1102531";"327943324329431492109482";"4DDD1A3A";"29/09/2018 11:39:00";"*"
"27/10/2018";"14:41:59";"229";"AC";"01392";"RIO BRANCO";"1";"1102329";"196630197750232370557445";"7FEA6467";"29/09/2018 10:57:00";"*"
"27/10/2018";"14:41:59";"229";"AC";"01392";"RIO BRANCO";"1";"1101869";"540165548260036992629340";"08587790";"29/09/2018 10:23:00";"*"
"27/10/2018";"14:41:59";"229";"AC";"01392";"RIO BRANCO";"1";"1101524";"822993820013125331632452";"7FEA6467";"29/09/2018 11:10:00";"*"
"27/10/2018";"14:41:59";"229";"AC";"01392";"RIO BRANCO";"1";"1101402";"75418077813002118165638";"08587790";"29/09/2018 10:38:00";"*"
"27/10/2018";"14:41:59";"229";"AC";"01392";"RIO BRANCO";"1";"1101340";"186529180877678021528173";"A6AA6DD3";"29/09/2018 10:23:00";"*"
"27/10/2018";"14:41:59";"229";"AC";"01392";"RIO BRANCO";"1";"1101155";"317842316328806379171874";"4DDD1A3A";"29/09/2018 11:04:00";"*"
"27/10/2018";"14:41:59";"229";"AC";"01392";"RIO BRANCO";"1";"1101151";"176428171351670605500098";"889D071C";"29/09/2018 12:20:00";"*"
"27/10/2018";"14:41:59";"229";"AC";"01392";"RIO BRANCO";"1";"1100670";"428953427701018272965566";"A6AA6DD3";"29/09/2018 12:30:00";"*"
"27/10/2018";"14:41:59";"229";"AC";"01392";"RIO BRANCO";"1";"1100155";"529963527527011613780880";"C26018AC";"29/09/2018 10:23:00";"*"
"27/10/2018";"14:41:59";"229";"AC";"01392";"RIO BRANCO";"1";"1100023";"247135248977097773084930";"30CE1513";"29/09/2018 11:44:00";"*"
"27/10/2018";"14:41:59";"229";"AC";"01392";"RIO BRANCO";"1";"1099885";"398650391798322544441212";"A6AA6DD3";"29/09/2018 10:38:00";"*"
"27/10/2018";"14:41:59";"229";"AC";"01392";"RIO BRANCO";"1";"1099204";"418852418038934886217584";"4DDD1A3A";"29/09/2018 10:06:00";"*"
"27/10/2018";"14:41:59";"229";"AC";"01392";"RIO BRANCO";"1";"1098861";"762387768794061146631370";"A84E10AF";"29/09/2018 11:10:00";"*"
"27/10/2018";"14:41:59";"229";"AC";"01392";"RIO BRANCO";"1";"1098744";"317842314062828999963997";"7FEA6467";"29/09/2018 10:32:00";"*"
"27/10/2018";"14:41:59";"229";"AC";"01392";"RIO BRANCO";"1";"1080146";"176428171923284152557427";"08587790";"29/09/2018 11:39:00";"*"
"27/10/2018";"14:41:59";"229";"AC";"01392";"RIO BRANCO";"1";"1077535";"85519087026837340994910";"A84E10AF";"29/09/2018 10:18:00";"*"
"27/10/2018";"14:41:59";"229";"AC";"01392";"RIO BRANCO";"1";"1073016";"449155442278921840392037";"889D071C";"29/09/2018 12:11:00";"*"
"27/10/2018";"14:41:59";"229";"AC";"01392";"RIO BRANCO";"1";"1071232";"226933228275720146952296";"30CE1513";"29/09/2018 12:20:00";"*"
"27/10/2018";"14:41:59";"229";"AC";"01392";"RIO BRANCO";"1";"1070429";"822993829957236431501486";"C26018AC";"29/09/2018 12:10:00";"*"
"27/10/2018";"14:41:59";"229";"AC";"01392";"RIO BRANCO";"1";"1067960";"631074633060048490749825";"4DDD1A3A";"29/09/2018 12:10:00";"*"
"27/10/2018";"14:41:59";"229";"AC";"01392";"RIO BRANCO";"1";"1067840";"368347367495266905775278";"A6AA6DD3";"29/09/2018 12:17:00";"*"
"27/10/2018";"14:41:59";"229";"AC";"01392";"RIO BRANCO";"1";"1040898";"105721109016235163887538";"4B44D79E";"29/09/2018 12:29:00";"*"
"27/10/2018";"14:41:59";"229";"AC";"01392";"RIO BRANCO";"1";"1036685";"974408976872700982335057";"C26018AC";"29/09/2018 11:51:00";"*"
"27/10/2018";"14:41:59";"229";"AC";"01392";"RIO BRANCO";"1";"1035008";"833094834214713229176928";"7FEA6467";"29/09/2018 11:27:00";"*"
"27/10/2018";"14:41:59";"229";"AC";"01392";"RIO BRANCO";"1";"1033915";"873498877502154819776569";"B4ED9275";"29/09/2018 11:01:00";"*"
"27/10/2018";"14:41:59";"229";"AC";"01392";"RIO BRANCO";"1";"1033373";"792690797319973566286254";"BC5179B2";"29/09/2018 10:59:00";"*"
"27/10/2018";"14:41:59";"229";"AC";"01392";"RIO BRANCO";"1";"1032550";"802791803050213142702670";"07E827E0";"29/09/2018 12:10:00";"*"
"27/10/2018";"14:41:59";"229";"AC";"01392";"RIO BRANCO";"1";"1029842";"287539285859252852325293";"7FEA6467";"29/09/2018 12:18:00";"*"
"27/10/2018";"14:41:59";"229";"AC";"01392";"RIO BRANCO";"1";"1014994";"641175641870945893389527";"08587790";"29/09/2018 11:10:00";"*"
"27/10/2018";"14:41:59";"229";"AC";"01392";"RIO BRANCO";"1";"1014718";"509761503847544096548118";"4DDD1A3A";"29/09/2018 10:57:00";"*"
"27/10/2018";"14:41:59";"229";"AC";"01392";"RIO BRANCO";"1";"1013755";"479458474365897739193644";"A84E10AF";"29/09/2018 11:03:00";"*"
"27/10/2018";"14:41:59";"229";"AC";"01392";"RIO BRANCO";"1";"1013188";"833094839758361205400702";"C26018AC";"29/09/2018 10:41:00";"*"
"27/10/2018";"14:41:59";"229";"AC";"01392";"RIO BRANCO";"1";"1012439";"903701907087509427945846";"4DDD1A3A";"29/09/2018 10:42:00";"*"
"27/10/2018";"14:41:59";"229";"AC";"01392";"RIO BRANCO";"1";"1011107";"358246353410084140507221";"C26018AC";"29/09/2018 10:09:00";"*"
"27/10/2018";"14:41:59";"229";"AC";"01392";"RIO BRANCO";"1";"1010843";"277438277461331941646335";"889D071C";"29/09/2018 12:28:00";"*"
"27/10/2018";"14:41:59";"229";"AC";"01392";"RIO BRANCO";"1";"1008594";"550266550661279615164503";"4B44D79E";"29/09/2018 11:16:00";"*"
"27/10/2018";"14:41:59";"229";"AC";"01392";"RIO BRANCO";"1";"1008128";"782589786037533925996471";"A6AA6DD3";"29/09/2018 10:18:00";"*"
"27/10/2018";"14:41:59";"229";"AC";"01392";"RIO BRANCO";"1";"1006077";"398650394270887501684515";"7FEA6467";"29/09/2018 11:04:00";"*"
"27/10/2018";"14:41:59";"229";"AC";"01392";"RIO BRANCO";"1";"1006059";"408751403910480974748566";"07E827E0";"29/09/2018 11:56:00";"*"
"27/10/2018";"14:41:59";"229";"AC";"01392";"RIO BRANCO";"1";"1005701";"24913021472594315217272";"07E827E0";"29/09/2018 12:21:00";"*"
"27/10/2018";"14:41:59";"229";"AC";"01139";"FEIJÓ";"7";"1211563";"487825481924812619492504";"99284D25";"26/09/2018 17:54:00";"*"
"27/10/2018";"14:41:59";"229";"AC";"01139";"FEIJÓ";"7";"1195553";"164693169318102308013233";"E0F7B3A4";"26/09/2018 17:31:00";"*"
"27/10/2018";"14:41:59";"229";"AC";"01139";"FEIJÓ";"7";"1194458";"265603263211505105050195";"DBC8C40F";"26/09/2018 17:44:00";"*"
"27/10/2018";"14:41:59";"229";"AC";"01139";"FEIJÓ";"7";"1193724";"326209328134348681020945";"E0F7B3A4";"26/09/2018 17:06:00";"*"
"27/10/2018";"14:41:59";"229";"AC";"01139";"FEIJÓ";"7";"1192681";"33380037579370056213151";"99284D25";"26/09/2018 17:28:00";"*"
"27/10/2018";"14:41:59";"229";"AC";"01139";"FEIJÓ";"7";"1192648";"801057807182617351054162";"E0F7B3A4";"26/09/2018 16:22:00";"*"
"27/10/2018";"14:41:59";"229";"AC";"01139";"FEIJÓ";"7";"1178374";"841461848360099410618836";"99284D25";"26/09/2018 16:37:00";"*"
"27/10/2018";"14:41:59";"229";"AC";"01139";"FEIJÓ";"7";"1178229";"417118412317130895843205";"99284D25";"26/09/2018 16:12:00";"*"
"27/10/2018";"14:41:59";"229";"AC";"01139";"FEIJÓ";"7";"1177711";"558532558040275793710455";"DBC8C40F";"26/09/2018 16:12:00";"*"
"27/10/2018";"14:41:59";"229";"AC";"01139";"FEIJÓ";"7";"1176950";"205097208505192613659117";"DBC8C40F";"26/09/2018 16:42:00";"*"
"27/10/2018";"14:41:59";"229";"AC";"01139";"FEIJÓ";"7";"1176855";"568633565958687835828437";"E0F7B3A4";"26/09/2018 17:51:00";"*"
"27/10/2018";"14:41:59";"229";"AC";"01139";"FEIJÓ";"7";"1118597";"558532555131646177178594";"99284D25";"26/09/2018 16:26:00";"*"
"27/10/2018";"14:41:59";"229";"AC";"01139";"FEIJÓ";"7";"1107157";"245401242847414009399480";"166202EE";"26/09/2018 17:43:00";"*"
"27/10/2018";"14:41:59";"229";"AC";"01139";"FEIJÓ";"7";"1106210";"83885080384569448242653";"99284D25";"26/09/2018 16:49:00";"*"
"27/10/2018";"14:41:59";"229";"AC";"01139";"FEIJÓ";"7";"1102832";"972774973899364508119769";"E0F7B3A4";"26/09/2018 15:58:00";"*"
"27/10/2018";"14:41:59";"229";"AC";"01139";"FEIJÓ";"7";"1102575";"528229524354749161433587";"E0F7B3A4";"26/09/2018 16:54:00";"*"
"27/10/2018";"14:41:59";"229";"AC";"01139";"FEIJÓ";"7";"1102378";"538330535738558193702630";"DBC8C40F";"26/09/2018 17:06:00";"*"
"27/10/2018";"14:41:59";"229";"AC";"01139";"FEIJÓ";"7";"1100888";"588835589060723876046992";"E0F7B3A4";"26/09/2018 15:37:00";"*"
"27/10/2018";"14:41:59";"229";"AC";"01139";"FEIJÓ";"7";"1099271";"508027503973869979075206";"166202EE";"26/09/2018 17:37:00";"*"
"27/10/2018";"14:41:59";"229";"AC";"01139";"FEIJÓ";"7";"1094781";"396916392941446636765808";"E0F7B3A4";"26/09/2018 16:08:00";"*"
"27/10/2018";"14:41:59";"229";"AC";"01139";"FEIJÓ";"7";"1075932";"659542651067893305474874";"E0F7B3A4";"26/09/2018 17:44:00";"*"
"27/10/2018";"14:41:59";"229";"AC";"01139";"FEIJÓ";"7";"1070385";"780855781880808397935538";"E0F7B3A4";"26/09/2018 15:44:00";"*"
"27/10/2018";"14:41:59";"229";"AC";"01139";"FEIJÓ";"7";"1069744";"659542655067718399639026";"E0F7B3A4";"26/09/2018 17:24:00";"*"
"27/10/2018";"14:41:59";"229";"AC";"01139";"FEIJÓ";"7";"1041422";"861663861671880152630507";"DBC8C40F";"26/09/2018 16:25:00";"*"
"27/10/2018";"14:41:59";"229";"AC";"01139";"FEIJÓ";"7";"1034477";"114188115787962685522412";"99284D25";"26/09/2018 18:02:00";"*"
"27/10/2018";"14:41:59";"229";"AC";"01139";"FEIJÓ";"7";"1031057";"982875986721327365493180";"166202EE";"26/09/2018 17:28:00";"*"
"27/10/2018";"14:41:59";"229";"AC";"01139";"FEIJÓ";"7";"1030299";"578734579342425054353883";"DBC8C40F";"26/09/2018 17:21:00";"*"
"27/10/2018";"14:41:59";"229";"AC";"01139";"FEIJÓ";"7";"1030292";"407017401363321886306066";"166202EE";"26/09/2018 17:22:00";"*"
"27/10/2018";"14:41:59";"229";"AC";"01139";"FEIJÓ";"7";"1028543";"124289122188976002895312";"99284D25";"26/09/2018 17:21:00";"*"
"27/10/2018";"14:41:59";"229";"AC";"01139";"FEIJÓ";"7";"1015644";"23279028978711926120014";"99284D25";"26/09/2018 17:10:00";"*"
"27/10/2018";"14:41:59";"229";"AC";"01139";"FEIJÓ";"7";"1013234";"83885083893208712788871";"DBC8C40F";"26/09/2018 17:51:00";"*"
"27/10/2018";"14:41:59";"229";"AC";"01139";"FEIJÓ";"7";"1008188";"215198216997783708584486";"99284D25";"26/09/2018 16:59:00";"*"
"27/10/2018";"14:41:59";"229";"AC";"01139";"FEIJÓ";"7";"1007935";"902067900375987194927214";"DBC8C40F";"26/09/2018 17:33:00";"*"
"27/10/2018";"14:41:59";"229";"AC";"01139";"FEIJÓ";"7";"1005715";"881865884711597915236707";"166202EE";"26/09/2018 18:00:00";"*"
"27/10/2018";"14:41:59";"229";"AC";"01120";"ACRELÂNDIA";"8";"1211288";"125000122977367740552067";"9BDE560F";"27/09/2018 11:03:00";"*"
"27/10/2018";"14:41:59";"229";"AC";"01120";"ACRELÂNDIA";"8";"1178041";"771565779542669581996088";"9BDE560F";"26/09/2018 13:54:00";"*"
"27/10/2018";"14:41:59";"229";"AC";"01120";"ACRELÂNDIA";"8";"1107263";"569444564283437762301869";"01CBC362";"26/09/2018 13:45:00";"*"
"27/10/2018";"14:41:59";"229";"AC";"01120";"ACRELÂNDIA";"8";"1107136";"458333451872363203501763";"01CBC362";"27/09/2018 10:49:00";"*"
"27/10/2018";"14:41:59";"229";"AC";"01120";"ACRELÂNDIA";"8";"1107131";"973585972524210066407375";"01CBC362";"27/09/2018 11:03:00";"*"
"27/10/2018";"14:41:59";"229";"AC";"01120";"ACRELÂNDIA";"8";"1105026";"609848609725264862837685";"9BDE560F";"26/09/2018 13:42:00";"*"
"27/10/2018";"14:41:59";"229";"AC";"01120";"ACRELÂNDIA";"8";"1104978";"751363753940517308617507";"9BDE560F";"26/09/2018 13:26:00";"*"
"27/10/2018";"14:41:59";"229";"AC";"01120";"ACRELÂNDIA";"8";"1104967";"619949610526188334751800";"9BDE560F";"26/09/2018 13:32:00";"*"
"27/10/2018";"14:41:59";"229";"AC";"01120";"ACRELÂNDIA";"8";"1104960";"54393058632778192540422";"01CBC362";"27/09/2018 10:55:00";"*"
"27/10/2018";"14:41:59";"229";"AC";"01120";"ACRELÂNDIA";"8";"1104443";"165404166781620348447221";"9BDE560F";"26/09/2018 11:51:00";"*"
"27/10/2018";"14:41:59";"229";"AC";"01120";"ACRELÂNDIA";"8";"1104406";"832171831748758287173259";"9BDE560F";"26/09/2018 13:37:00";"*"
"27/10/2018";"14:41:59";"229";"AC";"01120";"ACRELÂNDIA";"8";"1102977";"226010225987566141501517";"9BDE560F";"26/09/2018 13:20:00";"*"
"27/10/2018";"14:41:59";"229";"AC";"01120";"ACRELÂNDIA";"8";"1102409";"226010226549909032044599";"01CBC362";"26/09/2018 13:51:00";"*"
"27/10/2018";"14:41:59";"229";"AC";"01120";"ACRELÂNDIA";"8";"1101234";"852373859312370248147149";"01CBC362";"26/09/2018 13:40:00";"*"
"27/10/2018";"14:41:59";"229";"AC";"01120";"ACRELÂNDIA";"8";"1079723";"236111238850949328771801";"01CBC362";"26/09/2018 13:34:00";"*"
"27/10/2018";"14:41:59";"229";"AC";"01120";"ACRELÂNDIA";"8";"1037838";"943282946059026574887474";"9BDE560F";"26/09/2018 13:48:00";"*"
"27/10/2018";"14:41:59";"229";"AC";"01120";"ACRELÂNDIA";"8";"1032607";"983686986363893860007284";"9BDE560F";"27/09/2018 10:49:00";"*"
"27/10/2018";"14:41:59";"229";"AC";"01120";"ACRELÂNDIA";"8";"1013665";"983686989825582323046590";"01CBC362";"26/09/2018 13:15:00";"*"
"27/10/2018";"14:41:59";"229";"AC";"01120";"ACRELÂNDIA";"8";"1010786";"619949617288517598465342";"01CBC362";"26/09/2018 13:28:00";"*"
"27/10/2018";"14:41:59";"229";"AC";"01120";"ACRELÂNDIA";"8";"1010413";"316919311796962553400260";"9BDE560F";"27/09/2018 10:54:00";"*"
"27/10/2018";"14:41:59";"229";"AC";"01112";"EPITACIOLÂNDIA";"6";"1210339";"65172067534572068767192";"8F74BFE6";"27/09/2018 10:52:00";"*"
"27/10/2018";"14:41:59";"229";"AC";"01112";"EPITACIOLÂNDIA";"6";"1194158";"913657917616399885768117";"9C8E851A";"27/09/2018 11:50:00";"*"
"27/10/2018";"14:41:59";"229";"AC";"01112";"EPITACIOLÂNDIA";"6";"1193463";"762142763901270287462213";"9C8E851A";"27/09/2018 10:52:00";"*"
"27/10/2018";"14:41:59";"229";"AC";"01112";"EPITACIOLÂNDIA";"6";"1177467";"135879132638812595022489";"9C8E851A";"27/09/2018 10:37:00";"*"
"27/10/2018";"14:41:59";"229";"AC";"01112";"EPITACIOLÂNDIA";"6";"1107106";"853051852513476209413797";"8F74BFE6";"27/09/2018 09:46:00";"*"
"27/10/2018";"14:41:59";"229";"AC";"01112";"EPITACIOLÂNDIA";"6";"1103258";"145980149842708465412048";"8F74BFE6";"27/09/2018 10:44:00";"*"
"27/10/2018";"14:41:59";"229";"AC";"01112";"EPITACIOLÂNDIA";"6";"1101289";"469112465471396030879230";"9C8E851A";"27/09/2018 10:58:00";"*"
"27/10/2018";"14:41:59";"229";"AC";"01112";"EPITACIOLÂNDIA";"6";"1099883";"509516501078252295282665";"8F74BFE6";"27/09/2018 10:38:00";"*"
"27/10/2018";"14:41:59";"229";"AC";"01112";"EPITACIOLÂNDIA";"6";"1080413";"358001359860912499443201";"9C8E851A";"27/09/2018 10:44:00";"*"
"27/10/2018";"14:41:59";"229";"AC";"01112";"EPITACIOLÂNDIA";"6";"1079339";"933859939521838059189853";"8F74BFE6";"27/09/2018 11:56:00";"*"
"27/10/2018";"14:41:59";"229";"AC";"01112";"EPITACIOLÂNDIA";"6";"1068007";"105576102038871617773957";"8F74BFE6";"27/09/2018 11:28:00";"*"
"27/10/2018";"14:41:59";"229";"AC";"01112";"EPITACIOLÂNDIA";"6";"1067499";"216687216749577870751029";"8F74BFE6";"27/09/2018 09:51:00";"*"
"27/10/2018";"14:41:59";"229";"AC";"01112";"EPITACIOLÂNDIA";"6";"1013817";"519617512876284968161318";"9C8E851A";"27/09/2018 11:28:00";"*"
"27/10/2018";"14:41:59";"229";"AC";"01112";"EPITACIOLÂNDIA";"6";"1003062";"307596305055575393883744";"9C8E851A";"27/09/2018 09:41:00";"*"
"27/10/2018";"14:41:59";"229";"AC";"01112";"EPITACIOLÂNDIA";"6";"1000760";"297495295354128265472787";"9C8E851A";"27/09/2018 09:49:00";"*"
"27/10/2018";"14:41:59";"229";"AC";"01104";"JORDÃO";"5";"1193321";"136568130784574897139888";"F42CC480";"27/09/2018 14:59:00";"*"
"27/10/2018";"14:41:59";"229";"AC";"01104";"JORDÃO";"5";"1072163";"86063081279042529825565";"F42CC480";"27/09/2018 15:07:00";"*"
"27/10/2018";"14:41:59";"229";"AC";"01104";"JORDÃO";"5";"1034125";"399194399110164798536071";"F42CC480";"27/09/2018 15:13:00";"*"
"27/10/2018";"14:41:59";"229";"AC";"01104";"JORDÃO";"5";"1030935";"692124695240350546057201";"F42CC480";"27/09/2018 14:13:00";"*"
"27/10/2018";"14:41:59";"229";"AC";"01104";"JORDÃO";"5";"1030512";"621417626833218049068698";"F42CC480";"27/09/2018 16:58:00";"*"
"27/10/2018";"14:41:59";"229";"AC";"01104";"JORDÃO";"5";"1030104";"570912574228608310450446";"F42CC480";"27/09/2018 16:50:00";"*"
"27/10/2018";"14:41:59";"229";"AC";"01104";"JORDÃO";"5";"1025629";"227477224393979609489819";"F42CC480";"27/09/2018 14:23:00";"*"
"27/10/2018";"14:41:59";"229";"AC";"01104";"JORDÃO";"5";"1023420";"136568132184000125949305";"F42CC480";"27/09/2018 17:20:00";"*"
"27/10/2018";"14:41:59";"229";"AC";"01104";"JORDÃO";"5";"1013636";"631518633934791669700572";"F42CC480";"28/09/2018 09:12:00";"*"
"27/10/2018";"14:41:59";"229";"AC";"01104";"JORDÃO";"5";"1013261";"823437821853941134223221";"F42CC480";"27/09/2018 15:18:00";"*"
"27/10/2018";"14:41:59";"229";"AC";"01090";"MÂNCIO LIMA";"4";"1107100";"748218746019060815036254";"3614CCD8";"28/09/2018 15:37:00";"*"
"27/10/2018";"14:41:59";"229";"AC";"01090";"MÂNCIO LIMA";"4";"1105654";"859329857956131495445581";"2DC8D1AE";"28/09/2018 15:19:00";"*"
"27/10/2018";"14:41:59";"229";"AC";"01090";"MÂNCIO LIMA";"4";"1105323";"283672285973309704325797";"3614CCD8";"28/09/2018 11:39:00";"*"
"27/10/2018";"14:41:59";"229";"AC";"01090";"MÂNCIO LIMA";"4";"1104105";"627006626607063281898030";"3614CCD8";"28/09/2018 11:22:00";"*"
"27/10/2018";"14:41:59";"229";"AC";"01090";"MÂNCIO LIMA";"4";"1103276";"798723796750810179559417";"2DC8D1AE";"28/09/2018 11:39:00";"*"
"27/10/2018";"14:41:59";"229";"AC";"01090";"MÂNCIO LIMA";"4";"1102624";"839127831728970890313907";"3614CCD8";"28/09/2018 15:17:00";"*"
"27/10/2018";"14:41:59";"229";"AC";"01090";"MÂNCIO LIMA";"4";"1092300";"283672287599878221855056";"2DC8D1AE";"28/09/2018 17:29:00";"*"
"27/10/2018";"14:41:59";"229";"AC";"01090";"MÂNCIO LIMA";"4";"1079007";"586602588829954676553227";"2DC8D1AE";"27/09/2018 19:24:00";"*"
"27/10/2018";"14:41:59";"229";"AC";"01090";"MÂNCIO LIMA";"4";"1070433";"980642987269464395912492";"2DC8D1AE";"28/09/2018 15:48:00";"*"
"27/10/2018";"14:41:59";"229";"AC";"01090";"MÂNCIO LIMA";"4";"1069771";"233167231494363206493289";"2DC8D1AE";"28/09/2018 11:58:00";"*"
"27/10/2018";"14:41:59";"229";"AC";"01090";"MÂNCIO LIMA";"4";"1032393";"919935919836210334373392";"3614CCD8";"27/09/2018 19:23:00";"*"
"27/10/2018";"14:41:59";"229";"AC";"01090";"MÂNCIO LIMA";"4";"1030480";"829026824053916806690615";"2DC8D1AE";"28/09/2018 15:25:00";"*"
"27/10/2018";"14:41:59";"229";"AC";"01090";"MÂNCIO LIMA";"4";"1017679";"616905614406912577422668";"3614CCD8";"28/09/2018 15:28:00";"*"
"27/10/2018";"14:41:59";"229";"AC";"01090";"MÂNCIO LIMA";"4";"1014009";"182662185589240434527903";"2DC8D1AE";"28/09/2018 15:42:00";"*"
"27/10/2018";"14:41:59";"229";"AC";"01090";"MÂNCIO LIMA";"4";"1012012";"546298542125182038263973";"2DC8D1AE";"28/09/2018 11:51:00";"*"
"27/10/2018";"14:41:59";"229";"AC";"01090";"MÂNCIO LIMA";"4";"1009072";"919935917636954877794814";"3614CCD8";"28/09/2018 11:48:00";"*"
"27/10/2018";"14:41:59";"229";"AC";"01082";"RODRIGUES ALVES";"4";"1178921";"607504601996694896485624";"2854FC95";"28/09/2018 15:25:00";"*"
"27/10/2018";"14:41:59";"229";"AC";"01082";"RODRIGUES ALVES";"4";"1156852";"557099550916649752880599";"3C0422EA";"28/09/2018 15:25:00";"*"
"27/10/2018";"14:41:59";"229";"AC";"01082";"RODRIGUES ALVES";"4";"1106698";"92453099245680913399491";"2854FC95";"28/09/2018 17:29:00";"*"
"27/10/2018";"14:41:59";"229";"AC";"01082";"RODRIGUES ALVES";"4";"1106502";"748918749735761480015944";"3C0422EA";"28/09/2018 11:39:00";"*"
"27/10/2018";"14:41:59";"229";"AC";"01082";"RODRIGUES ALVES";"4";"1105409";"809524805041440529796975";"3C0422EA";"28/09/2018 11:51:00";"*"
"27/10/2018";"14:41:59";"229";"AC";"01082";"RODRIGUES ALVES";"4";"1104987";"759019754136346640060471";"3C0422EA";"28/09/2018 17:29:00";"*"
"27/10/2018";"14:41:59";"229";"AC";"01082";"RODRIGUES ALVES";"4";"1104565";"82352080669496381988966";"3C0422EA";"28/09/2018 15:47:00";"*"
"27/10/2018";"14:41:59";"229";"AC";"01082";"RODRIGUES ALVES";"4";"1104191";"41948047140682914837555";"2854FC95";"28/09/2018 11:51:00";"*"
"27/10/2018";"14:41:59";"229";"AC";"01082";"RODRIGUES ALVES";"4";"1104150";"900534900426201442039540";"2854FC95";"27/09/2018 19:23:00";"*"
"27/10/2018";"14:41:59";"229";"AC";"01082";"RODRIGUES ALVES";"4";"1103134";"62150062542088983269659";"2854FC95";"28/09/2018 11:39:00";"*"
"27/10/2018";"14:41:59";"229";"AC";"01082";"RODRIGUES ALVES";"4";"1102633";"940938943030386701989204";"2854FC95";"28/09/2018 11:22:00";"*"
"27/10/2018";"14:41:59";"229";"AC";"01082";"RODRIGUES ALVES";"4";"1101704";"11645011162450472079242";"3C0422EA";"28/09/2018 11:22:00";"*"
"27/10/2018";"14:41:59";"229";"AC";"01082";"RODRIGUES ALVES";"4";"1089279";"516695510187998497722911";"2854FC95";"28/09/2018 15:48:00";"*"
"27/10/2018";"14:41:59";"229";"AC";"01082";"RODRIGUES ALVES";"4";"1082833";"294473296065356583597996";"2854FC95";"28/09/2018 15:42:00";"*"
"27/10/2018";"14:41:59";"229";"AC";"01082";"RODRIGUES ALVES";"4";"1080327";"971241970058039921885109";"3C0422EA";"28/09/2018 15:42:00";"*"
"27/10/2018";"14:41:59";"229";"AC";"01074";"CRUZEIRO DO SUL";"4";"1512311";"305274304493379571132281";"54457D94";"28/09/2018 20:49:00";"*"
"27/10/2018";"14:41:59";"229";"AC";"01074";"CRUZEIRO DO SUL";"4";"1211425";"618305619994886901599662";"C67F3190";"27/09/2018 19:40:00";"*"
"27/10/2018";"14:41:59";"229";"AC";"01074";"CRUZEIRO DO SUL";"4";"1193845";"709214705720692437465293";"961D5064";"28/09/2018 15:41:00";"*"
"27/10/2018";"14:41:59";"229";"AC";"01074";"CRUZEIRO DO SUL";"4";"1192691";"850729856878369858658029";"FE7FF557";"28/09/2018 11:23:00";"*"
"27/10/2018";"14:41:59";"229";"AC";"01074";"CRUZEIRO DO SUL";"4";"1192318";"719315710834108553979323";"27782C2D";"27/09/2018 19:33:00";"*"
"27/10/2018";"14:41:59";"229";"AC";"01074";"CRUZEIRO DO SUL";"4";"1178758";"689012680918676180281513";"961D5064";"27/09/2018 19:59:00";"*"
"27/10/2018";"14:41:59";"229";"AC";"01074";"CRUZEIRO DO SUL";"4";"1177417";"234567238116441493259880";"FE7FF557";"28/09/2018 15:18:00";"*"
"27/10/2018";"14:41:59";"229";"AC";"01074";"CRUZEIRO DO SUL";"4";"1177180";"951739954614474898531164";"6027700B";"27/09/2018 20:25:00";"*"
"27/10/2018";"14:41:59";"229";"AC";"01074";"CRUZEIRO DO SUL";"4";"1176512";"891133890052533202572008";"27782C2D";"28/09/2018 11:51:00";"*"
"27/10/2018";"14:41:59";"229";"AC";"01074";"CRUZEIRO DO SUL";"4";"1175863";"749618746124952530738023";"961D5064";"28/09/2018 15:18:00";"*"
"27/10/2018";"14:41:59";"229";"AC";"01074";"CRUZEIRO DO SUL";"4";"1144775";"426486420975556713503924";"C67F3190";"28/09/2018 11:58:00";"*"
"27/10/2018";"14:41:59";"229";"AC";"01074";"CRUZEIRO DO SUL";"4";"1131633";"820426824245516476013213";"27782C2D";"27/09/2018 19:46:00";"*"
"27/10/2018";"14:41:59";"229";"AC";"01074";"CRUZEIRO DO SUL";"4";"1127811";"658709654215672582686151";"961D5064";"28/09/2018 11:39:00";"*"
"27/10/2018";"14:41:59";"229";"AC";"01074";"CRUZEIRO DO SUL";"4";"1107155";"32547038966627723022556";"27782C2D";"28/09/2018 17:29:00";"*"
"27/10/2018";"14:41:59";"229";"AC";"01074";"CRUZEIRO DO SUL";"4";"1106584";"961840962589885081071863";"FE7FF557";"28/09/2018 15:40:00";"*"
"27/10/2018";"14:41:59";"229";"AC";"01074";"CRUZEIRO DO SUL";"4";"1106336";"305274300880942943439689";"961D5064";"28/09/2018 11:51:00";"*"
"27/10/2018";"14:41:59";"229";"AC";"01074";"CRUZEIRO DO SUL";"4";"1105765";"658709658628573575585308";"27782C2D";"27/09/2018 19:58:00";"*"
"27/10/2018";"14:41:59";"229";"AC";"01074";"CRUZEIRO DO SUL";"4";"1105698";"739517734736864512212598";"27782C2D";"28/09/2018 11:58:00";"*"
"27/10/2018";"14:41:59";"229";"AC";"01074";"CRUZEIRO DO SUL";"4";"1105408";"759719753694464406344133";"6027700B";"27/09/2018 20:19:00";"*"
"27/10/2018";"14:41:59";"229";"AC";"01074";"CRUZEIRO DO SUL";"4";"1105384";"598103596509072088346194";"961D5064";"28/09/2018 15:48:00";"*"
"27/10/2018";"14:41:59";"229";"AC";"01074";"CRUZEIRO DO SUL";"4";"1105349";"911335919854421927180415";"27782C2D";"27/09/2018 19:26:00";"*"
"27/10/2018";"14:41:59";"229";"AC";"01074";"CRUZEIRO DO SUL";"4";"1105309";"860830864905180480337363";"6027700B";"27/09/2018 19:32:00";"*"
"27/10/2018";"14:41:59";"229";"AC";"01074";"CRUZEIRO DO SUL";"4";"1105301";"921436928325632625339006";"C67F3190";"27/09/2018 20:19:00";"*"
"27/10/2018";"14:41:59";"229";"AC";"01074";"CRUZEIRO DO SUL";"4";"1105096";"123456122645518895199097";"C67F3190";"27/09/2018 19:33:00";"*"
"27/10/2018";"14:41:59";"229";"AC";"01074";"CRUZEIRO DO SUL";"4";"1105055";"517395511270811792128294";"6027700B";"28/09/2018 15:28:00";"*"
"27/10/2018";"14:41:59";"229";"AC";"01074";"CRUZEIRO DO SUL";"4";"1104970";"648608645627630663587439";"27782C2D";"27/09/2018 20:00:00";"*"
"27/10/2018";"14:41:59";"229";"AC";"01074";"CRUZEIRO DO SUL";"4";"1104852";"274971270890431271557906";"27782C2D";"28/09/2018 15:26:00";"*"
"27/10/2018";"14:41:59";"229";"AC";"01074";"CRUZEIRO DO SUL";"4";"1104755";"416385414260968698063549";"6027700B";"28/09/2018 11:41:00";"*"
"27/10/2018";"14:41:59";"229";"AC";"01074";"CRUZEIRO DO SUL";"4";"1104605";"749618741324870482854107";"961D5064";"28/09/2018 11:58:00";"*"
"27/10/2018";"14:41:59";"229";"AC";"01074";"CRUZEIRO DO SUL";"4";"1104454";"224466229385704038414643";"27782C2D";"28/09/2018 15:48:00";"*"
"27/10/2018";"14:41:59";"229";"AC";"01074";"CRUZEIRO DO SUL";"4";"1104446";"315375310994333188905947";"27782C2D";"28/09/2018 11:39:00";"*"
"27/10/2018";"14:41:59";"229";"AC";"01074";"CRUZEIRO DO SUL";"4";"1104321";"487092485298249469274613";"961D5064";"27/09/2018 19:47:00";"*"
"27/10/2018";"14:41:59";"229";"AC";"01074";"CRUZEIRO DO SUL";"4";"1104270";"800224802373728141838095";"FE7FF557";"27/09/2018 19:58:00";"*"
"27/10/2018";"14:41:59";"229";"AC";"01074";"CRUZEIRO DO SUL";"4";"1104265";"456789452264242749042387";"6027700B";"28/09/2018 11:27:00";"*"
"27/10/2018";"14:41:59";"229";"AC";"01074";"CRUZEIRO DO SUL";"4";"1103529";"901234907123150252742936";"C67F3190";"28/09/2018 15:36:00";"*"
"27/10/2018";"14:41:59";"229";"AC";"01074";"CRUZEIRO DO SUL";"4";"1103379";"264870264819904691076238";"FE7FF557";"27/09/2018 20:18:00";"*"
"27/10/2018";"14:41:59";"229";"AC";"01074";"CRUZEIRO DO SUL";"4";"1103243";"850729851304428570298316";"6027700B";"28/09/2018 11:50:00";"*"
"27/10/2018";"14:41:59";"229";"AC";"01074";"CRUZEIRO DO SUL";"4";"1103193";"638507633996785519329692";"C67F3190";"27/09/2018 20:11:00";"*"
"27/10/2018";"14:41:59";"229";"AC";"01074";"CRUZEIRO DO SUL";"4";"1103022";"325476321595600879197705";"27782C2D";"28/09/2018 15:19:00";"*"
"27/10/2018";"14:41:59";"229";"AC";"01074";"CRUZEIRO DO SUL";"4";"1103001";"860830863879411165545329";"FE7FF557";"28/09/2018 11:41:00";"*"
"27/10/2018";"14:41:59";"229";"AC";"01074";"CRUZEIRO DO SUL";"4";"1102780";"72951077857124678485212";"961D5064";"28/09/2018 17:30:00";"*"
"27/10/2018";"14:41:59";"229";"AC";"01074";"CRUZEIRO DO SUL";"4";"1102691";"42648048867107192823028";"27782C2D";"28/09/2018 15:42:00";"*"
"27/10/2018";"14:41:59";"229";"AC";"01074";"CRUZEIRO DO SUL";"4";"1102688";"608204609653647311767080";"FE7FF557";"28/09/2018 11:48:00";"*"
"27/10/2018";"14:41:59";"229";"AC";"01074";"CRUZEIRO DO SUL";"4";"1102668";"992143991362506055269738";"27782C2D";"28/09/2018 11:23:00";"*"
"27/10/2018";"14:41:59";"229";"AC";"01074";"CRUZEIRO DO SUL";"4";"1102592";"365880362255193929913917";"6027700B";"27/09/2018 19:48:00";"*"
"27/10/2018";"14:41:59";"229";"AC";"01074";"CRUZEIRO DO SUL";"4";"1102564";"345678340567365030179581";"C67F3190";"28/09/2018 11:39:00";"*"
"27/10/2018";"14:41:59";"229";"AC";"01074";"CRUZEIRO DO SUL";"4";"1102457";"153759159548668537907796";"C67F3190";"28/09/2018 11:23:00";"*"
"27/10/2018";"14:41:59";"229";"AC";"01074";"CRUZEIRO DO SUL";"4";"1102455";"194163198138711476400873";"6027700B";"28/09/2018 17:28:00";"*"
"27/10/2018";"14:41:59";"229";"AC";"01074";"CRUZEIRO DO SUL";"4";"1102146";"598103599852811685001804";"FE7FF557";"27/09/2018 20:12:00";"*"
"27/10/2018";"14:41:59";"229";"AC";"01074";"CRUZEIRO DO SUL";"4";"1101771";"547698541404531880112724";"961D5064";"27/09/2018 20:00:00";"*"
"27/10/2018";"14:41:59";"229";"AC";"01074";"CRUZEIRO DO SUL";"4";"1101413";"254769251658774269246688";"C67F3190";"27/09/2018 20:25:00";"*"
"27/10/2018";"14:41:59";"229";"AC";"01074";"CRUZEIRO DO SUL";"4";"1101225";"961840960246125937629921";"961D5064";"28/09/2018 15:26:00";"*"
"27/10/2018";"14:41:59";"229";"AC";"01074";"CRUZEIRO DO SUL";"4";"1100168";"375981379830958051868588";"FE7FF557";"27/09/2018 19:27:00";"*"
"27/10/2018";"14:41:59";"229";"AC";"01074";"CRUZEIRO DO SUL";"4";"1097688";"264870269945838573928888";"6027700B";"27/09/2018 19:53:00";"*"
"27/10/2018";"14:41:59";"229";"AC";"01074";"CRUZEIRO DO SUL";"4";"1095744";"648608644697150747351121";"C67F3190";"27/09/2018 19:26:00";"*"
"27/10/2018";"14:41:59";"229";"AC";"01074";"CRUZEIRO DO SUL";"4";"1082768";"800224808299949237864012";"6027700B";"28/09/2018 15:17:00";"*"
"27/10/2018";"14:41:59";"229";"AC";"01074";"CRUZEIRO DO SUL";"4";"1079573";"305274303693827734999648";"27782C2D";"27/09/2018 20:25:00";"*"
"27/10/2018";"14:41:59";"229";"AC";"01074";"CRUZEIRO DO SUL";"4";"1079474";"22446021065177035633327";"27782C2D";"27/09/2018 20:11:00";"*"
"27/10/2018";"14:41:59";"229";"AC";"01074";"CRUZEIRO DO SUL";"4";"1079371";"254769259975544404480105";"961D5064";"27/09/2018 20:13:00";"*"
"27/10/2018";"14:41:59";"229";"AC";"01074";"CRUZEIRO DO SUL";"4";"1076416";"628406629581878474974458";"6027700B";"28/09/2018 15:36:00";"*"
"27/10/2018";"14:41:59";"229";"AC";"01074";"CRUZEIRO DO SUL";"4";"1072398";"103254100660615589085154";"961D5064";"28/09/2018 11:23:00";"*"
"27/10/2018";"14:41:59";"229";"AC";"01074";"CRUZEIRO DO SUL";"4";"1070670";"163860162109394905959870";"FE7FF557";"28/09/2018 15:27:00";"*"
"27/10/2018";"14:41:59";"229";"AC";"01074";"CRUZEIRO DO SUL";"4";"1069460";"790123792998940273961504";"6027700B";"27/09/2018 20:11:00";"*"
"27/10/2018";"14:41:59";"229";"AC";"01074";"CRUZEIRO DO SUL";"4";"1067574";"678911675360366477004924";"FE7FF557";"27/09/2018 19:46:00";"*"
"27/10/2018";"14:41:59";"229";"AC";"01074";"CRUZEIRO DO SUL";"4";"1059547";"42648049154314762044619";"961D5064";"27/09/2018 19:40:00";"*"
"27/10/2018";"14:41:59";"229";"AC";"01074";"CRUZEIRO DO SUL";"4";"1043771";"103254102529092829933620";"6027700B";"27/09/2018 20:00:00";"*"
"27/10/2018";"14:41:59";"229";"AC";"01074";"CRUZEIRO DO SUL";"4";"1034486";"173961176580346676079314";"27782C2D";"27/09/2018 20:20:00";"*"
"27/10/2018";"14:41:59";"229";"AC";"01074";"CRUZEIRO DO SUL";"4";"1034089";"446688449163715860392098";"6027700B";"27/09/2018 19:40:00";"*"
"27/10/2018";"14:41:59";"229";"AC";"01074";"CRUZEIRO DO SUL";"4";"1033832";"52749058198042652165530";"FE7FF557";"27/09/2018 20:00:00";"*"
"27/10/2018";"14:41:59";"229";"AC";"01074";"CRUZEIRO DO SUL";"4";"1033703";"103254105560977844508089";"961D5064";"28/09/2018 13:25:00";"*"
"27/10/2018";"14:41:59";"229";"AC";"01074";"CRUZEIRO DO SUL";"4";"1031882";"375981375070220336877217";"C67F3190";"27/09/2018 19:57:00";"*"
"27/10/2018";"14:41:59";"229";"AC";"01074";"CRUZEIRO DO SUL";"4";"1031141";"264870263776779259618791";"961D5064";"27/09/2018 19:26:00";"*"
"27/10/2018";"14:41:59";"229";"AC";"01074";"CRUZEIRO DO SUL";"4";"1030983";"648608648427987008572382";"27782C2D";"27/09/2018 19:41:00";"*"
"27/10/2018";"14:41:59";"229";"AC";"01074";"CRUZEIRO DO SUL";"4";"1028355";"12345012534965988302196";"C67F3190";"28/09/2018 15:23:00";"*"
"27/10/2018";"14:41:59";"229";"AC";"01074";"CRUZEIRO DO SUL";"4";"1024608";"315375311281952579165689";"961D5064";"27/09/2018 20:18:00";"*"
"27/10/2018";"14:41:59";"229";"AC";"01074";"CRUZEIRO DO SUL";"4";"1014605";"881032883121224949579413";"C67F3190";"27/09/2018 20:05:00";"*"
"27/10/2018";"14:41:59";"229";"AC";"01074";"CRUZEIRO DO SUL";"4";"1014421";"416385415674172980526438";"C67F3190";"27/09/2018 19:47:00";"*"
"27/10/2018";"14:41:59";"229";"AC";"01074";"CRUZEIRO DO SUL";"4";"1013332";"2244001919922175076427";"6027700B";"27/09/2018 19:58:00";"*"
"27/10/2018";"14:41:59";"229";"AC";"01066";"PORTO WALTER";"4";"1210809";"265570269771187063386214";"A2527D82";"28/09/2018 15:40:00";"*"
"27/10/2018";"14:41:59";"229";"AC";"01066";"PORTO WALTER";"4";"1192597";"346378346479310905516554";"A2527D82";"28/09/2018 11:47:00";"*"
"27/10/2018";"14:41:59";"229";"AC";"01066";"PORTO WALTER";"4";"1175454";"942338945139427359976262";"A2527D82";"28/09/2018 15:48:00";"*"
"27/10/2018";"14:41:59";"229";"AC";"01066";"PORTO WALTER";"4";"1105192";"93853099454023207838840";"A2527D82";"28/09/2018 11:29:00";"*"
"27/10/2018";"14:41:59";"229";"AC";"01066";"PORTO WALTER";"4";"1103421";"922136929437082151408741";"A2527D82";"28/09/2018 15:26:00";"*"
"27/10/2018";"14:41:59";"229";"AC";"01066";"PORTO WALTER";"4";"1101159";"598803592704803686110311";"A2527D82";"28/09/2018 15:18:00";"*"
"27/10/2018";"14:41:59";"229";"AC";"01066";"PORTO WALTER";"4";"1071694";"679611673912299097946252";"A2527D82";"28/09/2018 11:42:00";"*"
"27/10/2018";"14:41:59";"229";"AC";"01066";"PORTO WALTER";"4";"1029971";"669510662711754019374661";"A2527D82";"27/09/2018 19:20:00";"*"
"27/10/2018";"14:41:59";"229";"AC";"01058";"BRASILÉIA";"6";"1210287";"357101353431987816080436";"49C9566F";"27/09/2018 10:45:00";"*"
"27/10/2018";"14:41:59";"229";"AC";"01058";"BRASILÉIA";"6";"1196307";"549020540790566250774812";"F02F9C58";"27/09/2018 11:49:00";"*"
"27/10/2018";"14:41:59";"229";"AC";"01058";"BRASILÉIA";"6";"1177081";"488414480144101503069200";"49C9566F";"27/09/2018 09:46:00";"*"
"27/10/2018";"14:41:59";"229";"AC";"01058";"BRASILÉIA";"6";"1138687";"943060940830626799013099";"F02F9C58";"27/09/2018 10:37:00";"*"
"27/10/2018";"14:41:59";"229";"AC";"01058";"BRASILÉIA";"6";"1107096";"387404387062317020592698";"98311815";"27/09/2018 10:58:00";"*"
"27/10/2018";"14:41:59";"229";"AC";"01058";"BRASILÉIA";"6";"1105344";"751141753799580990292047";"98311815";"27/09/2018 09:49:00";"*"
"27/10/2018";"14:41:59";"229";"AC";"01058";"BRASILÉIA";"6";"1105078";"852151859521419581992590";"F02F9C58";"27/09/2018 10:44:00";"*"
"27/10/2018";"14:41:59";"229";"AC";"01058";"BRASILÉIA";"6";"1105060";"993565992635356859936525";"F02F9C58";"27/09/2018 09:51:00";"*"
"27/10/2018";"14:41:59";"229";"AC";"01058";"BRASILÉIA";"6";"1104857";"589424588482267130974727";"98311815";"27/09/2018 10:37:00";"*"
"27/10/2018";"14:41:59";"229";"AC";"01058";"BRASILÉIA";"6";"1104701";"700636708006213573851480";"F02F9C58";"27/09/2018 10:52:00";"*"
"27/10/2018";"14:41:59";"229";"AC";"01058";"BRASILÉIA";"6";"1103159";"397505392563909813226137";"98311815";"27/09/2018 10:52:00";"*"
"27/10/2018";"14:41:59";"229";"AC";"01058";"BRASILÉIA";"6";"1102314";"387404384062580040278345";"98311815";"27/09/2018 09:40:00";"*"
"27/10/2018";"14:41:59";"229";"AC";"01058";"BRASILÉIA";"6";"1101506";"680434688292310344298000";"98311815";"27/09/2018 10:45:00";"*"
"27/10/2018";"14:41:59";"229";"AC";"01058";"BRASILÉIA";"6";"1101396";"730939737269591081048815";"49C9566F";"27/09/2018 11:38:00";"*"
"27/10/2018";"14:41:59";"229";"AC";"01058";"BRASILÉIA";"6";"1099813";"448010442780213682776587";"F02F9C58";"27/09/2018 11:28:00";"*"
"27/10/2018";"14:41:59";"229";"AC";"01058";"BRASILÉIA";"6";"1078201";"872353876883642918768666";"49C9566F";"27/09/2018 11:28:00";"*"
"27/10/2018";"14:41:59";"229";"AC";"01058";"BRASILÉIA";"6";"1077843";"266292260250039146749312";"98311815";"27/09/2018 11:28:00";"*"
"27/10/2018";"14:41:59";"229";"AC";"01058";"BRASILÉIA";"6";"1077151";"437909436367910768144366";"98311815";"27/09/2018 11:50:00";"*"
"27/10/2018";"14:41:59";"229";"AC";"01058";"BRASILÉIA";"6";"1064703";"559121554291417179685087";"F02F9C58";"27/09/2018 11:38:00";"*"
"27/10/2018";"14:41:59";"229";"AC";"01058";"BRASILÉIA";"6";"1033091";"357101351231868545743922";"49C9566F";"27/09/2018 10:52:00";"*"
"27/10/2018";"14:41:59";"229";"AC";"01058";"BRASILÉIA";"6";"1014991";"336999336029014652781335";"49C9566F";"27/09/2018 10:37:00";"*"
"27/10/2018";"14:41:59";"229";"AC";"01058";"BRASILÉIA";"6";"1013920";"579323578953596621511072";"49C9566F";"27/09/2018 11:49:00";"*"
"27/10/2018";"14:41:59";"229";"AC";"01040";"MARECHAL THAUMATURGO";"4";"1195365";"874031877917354436664557";"CD01FCDC";"28/09/2018 11:40:00";"*"
"27/10/2018";"14:41:59";"229";"AC";"01040";"MARECHAL THAUMATURGO";"4";"1193535";"227566227717456272251675";"E8D5FE5F";"27/09/2018 19:22:00";"*"
"27/10/2018";"14:41:59";"229";"AC";"01040";"MARECHAL THAUMATURGO";"4";"1104499";"96253096904320203027279";"E8D5FE5F";"28/09/2018 15:27:00";"*"
"27/10/2018";"14:41:59";"229";"AC";"01040";"MARECHAL THAUMATURGO";"4";"1104200";"338677339963793686560981";"CD01FCDC";"28/09/2018 15:39:00";"*"
"27/10/2018";"14:41:59";"229";"AC";"01040";"MARECHAL THAUMATURGO";"4";"1101433";"550899556850592031690735";"E8D5FE5F";"28/09/2018 11:48:00";"*"
"27/10/2018";"14:41:59";"229";"AC";"01040";"MARECHAL THAUMATURGO";"4";"1100920";"439687434438577051587069";"E8D5FE5F";"28/09/2018 15:17:00";"*"
"27/10/2018";"14:41:59";"229";"AC";"01040";"MARECHAL THAUMATURGO";"4";"1075953";"853829856180339773440722";"E8D5FE5F";"28/09/2018 11:40:00";"*"
"27/10/2018";"14:41:59";"229";"AC";"01040";"MARECHAL THAUMATURGO";"4";"1034826";"308374304060740339933332";"CD01FCDC";"28/09/2018 11:22:00";"*"
"27/10/2018";"14:41:59";"229";"AC";"01040";"MARECHAL THAUMATURGO";"4";"1030630";"439687436073649093503717";"CD01FCDC";"28/09/2018 15:18:00";"*"
"27/10/2018";"14:41:59";"229";"AC";"01040";"MARECHAL THAUMATURGO";"4";"1008094";"762920769206800333048810";"CD01FCDC";"28/09/2018 11:48:00";"*"
"27/10/2018";"14:41:59";"229";"AC";"01040";"MARECHAL THAUMATURGO";"4";"1004094";"409384402070634878503101";"CD01FCDC";"28/09/2018 15:27:00";"*"
"27/10/2018";"14:41:59";"229";"AC";"01031";"SANTA ROSA DO PURUS";"3";"1104851";"449577441643489955711838";"B547B8A7";"26/09/2018 17:15:00";"*"
"27/10/2018";"14:41:59";"229";"AC";"01031";"SANTA ROSA DO PURUS";"3";"1104846";"449577445043458135032049";"B547B8A7";"26/09/2018 18:13:00";"*"
"27/10/2018";"14:41:59";"229";"AC";"01031";"SANTA ROSA DO PURUS";"3";"1096714";"601193601859653209824557";"B547B8A7";"26/09/2018 17:50:00";"*"
"27/10/2018";"14:41:59";"229";"AC";"01031";"SANTA ROSA DO PURUS";"3";"1080258";"661799660465355721269443";"B547B8A7";"26/09/2018 17:10:00";"*"
"27/10/2018";"14:41:59";"229";"AC";"01031";"SANTA ROSA DO PURUS";"3";"1075872";"944527947693216487093701";"B547B8A7";"26/09/2018 18:08:00";"*"
"27/10/2018";"14:41:59";"229";"AC";"01031";"SANTA ROSA DO PURUS";"3";"1034812";"197052198218608456112081";"B547B8A7";"26/09/2018 17:29:00";"*"
"27/10/2018";"14:41:59";"229";"AC";"01031";"SANTA ROSA DO PURUS";"3";"1034810";"186951186317031129297300";"B547B8A7";"26/09/2018 17:21:00";"*"
"27/10/2018";"14:41:59";"229";"AC";"01031";"SANTA ROSA DO PURUS";"3";"1023727";"85941080007697756255523";"B547B8A7";"26/09/2018 17:58:00";"*"
"27/10/2018";"14:41:59";"229";"AC";"01031";"SANTA ROSA DO PURUS";"3";"1000147";"500183507349869925552493";"B547B8A7";"26/09/2018 17:37:00";"*"
"27/10/2018";"14:41:59";"229";"AC";"01023";"PORTO ACRE";"1";"1763536";"975508977094607027318012";"B3CC483C";"28/09/2018 14:20:00";"*"
"27/10/2018";"14:41:59";"229";"AC";"01023";"PORTO ACRE";"1";"1763376";"561467565927375226934437";"E8AEB3F4";"28/09/2018 15:21:00";"*"
"27/10/2018";"14:41:59";"229";"AC";"01023";"PORTO ACRE";"1";"1763366";"702881706267792495793898";"B3CC483C";"28/09/2018 15:25:00";"*"
"27/10/2018";"14:41:59";"229";"AC";"01023";"PORTO ACRE";"1";"1763093";"96720098606041663914982";"B3CC483C";"28/09/2018 14:42:00";"*"
"27/10/2018";"14:41:59";"229";"AC";"01023";"PORTO ACRE";"1";"1762931";"611972610832820069318756";"E8AEB3F4";"28/09/2018 14:37:00";"*"
"27/10/2018";"14:41:59";"229";"AC";"01023";"PORTO ACRE";"1";"1762901";"904801900487729378173403";"B3CC483C";"28/09/2018 14:14:00";"*"
"27/10/2018";"14:41:59";"229";"AC";"01023";"PORTO ACRE";"1";"1761827";"672578674164799039899022";"B3CC483C";"28/09/2018 14:27:00";"*"
"27/10/2018";"14:41:59";"229";"AC";"01023";"PORTO ACRE";"1";"1761812";"359346355332182185293813";"B3CC483C";"28/09/2018 15:30:00";"*"
"27/10/2018";"14:41:59";"229";"AC";"01023";"PORTO ACRE";"1";"1761546";"611972612732240526351707";"E8AEB3F4";"28/09/2018 14:20:00";"*"
"27/10/2018";"14:41:59";"229";"AC";"01023";"PORTO ACRE";"1";"1761363";"531164530024488758350694";"E8AEB3F4";"28/09/2018 14:42:00";"*"
"27/10/2018";"14:41:59";"229";"AC";"01023";"PORTO ACRE";"1";"1760733";"864497861957914718495131";"E8AEB3F4";"28/09/2018 14:26:00";"*"
"27/10/2018";"14:41:59";"229";"AC";"01023";"PORTO ACRE";"1";"1758343";"510962512848727601536722";"B3CC483C";"28/09/2018 14:37:00";"*"
"27/10/2018";"14:41:59";"229";"AC";"01023";"PORTO ACRE";"1";"1758280";"5811008771376930036505";"E8AEB3F4";"28/09/2018 15:29:00";"*"
"27/10/2018";"14:41:59";"229";"AC";"01023";"PORTO ACRE";"1";"1758086";"571568578428432856744303";"E8AEB3F4";"28/09/2018 14:32:00";"*"
"27/10/2018";"14:41:59";"229";"AC";"01023";"PORTO ACRE";"1";"1757692";"430154437840711868920051";"B3CC483C";"28/09/2018 15:19:00";"*"
"27/10/2018";"14:41:59";"229";"AC";"01023";"PORTO ACRE";"1";"1757549";"824093821853640417247233";"E8AEB3F4";"28/09/2018 14:14:00";"*"
"27/10/2018";"14:41:59";"229";"AC";"01023";"PORTO ACRE";"1";"1752293";"541265542551400999590672";"B3CC483C";"28/09/2018 14:32:00";"*"
"27/10/2018";"14:41:59";"229";"AC";"01015";"CAPIXABA";"2";"1192913";"127734124696715114181879";"12EBE806";"28/09/2018 14:02:00";"*"
"27/10/2018";"14:41:59";"229";"AC";"01015";"CAPIXABA";"2";"1178232";"945916942478997353494815";"12EBE806";"28/09/2018 13:45:00";"*"
"27/10/2018";"14:41:59";"229";"AC";"01015";"CAPIXABA";"2";"1106557";"733895739657496931357342";"12EBE806";"28/09/2018 12:25:00";"*"
"27/10/2018";"14:41:59";"229";"AC";"01015";"CAPIXABA";"2";"1105218";"743996743258871918617071";"12EBE806";"28/09/2018 11:58:00";"*"
"27/10/2018";"14:41:59";"229";"AC";"01015";"CAPIXABA";"2";"1105008";"370259377021518276892528";"12EBE806";"28/09/2018 13:55:00";"*"
"27/10/2018";"14:41:59";"229";"AC";"01015";"CAPIXABA";"2";"1104724";"713693713055713697573698";"12EBE806";"28/09/2018 14:34:00";"*"
"27/10/2018";"14:41:59";"229";"AC";"01015";"CAPIXABA";"2";"1075780";"774299774561320316159314";"12EBE806";"28/09/2018 11:41:00";"*"
"27/10/2018";"14:41:59";"229";"AC";"01015";"CAPIXABA";"2";"1072261";"451067453829253809074330";"12EBE806";"28/09/2018 12:43:00";"*"
"27/10/2018";"14:41:59";"229";"AC";"01015";"CAPIXABA";"2";"1034262";"390461391523112594685003";"12EBE806";"28/09/2018 12:07:00";"*"
"27/10/2018";"14:41:59";"229";"AC";"01015";"CAPIXABA";"2";"1032401";"531875535037571395974124";"12EBE806";"28/09/2018 11:48:00";"*"
"27/10/2018";"14:41:59";"229";"AC";"01015";"CAPIXABA";"2";"1014148";"976219977681612645434984";"12EBE806";"28/09/2018 11:51:00";"*"
"27/10/2018";"14:41:59";"229";"AC";"01007";"BUJARI";"9";"1848240";"623461620142076900485620";"1D9EE409";"29/09/2018 15:55:00";"*"
"27/10/2018";"14:41:59";"229";"AC";"01007";"BUJARI";"9";"1763570";"552754551835450891888830";"1D9EE409";"29/09/2018 16:02:00";"*"
"27/10/2018";"14:41:59";"229";"AC";"01007";"BUJARI";"9";"1763041";"643663646866561374299258";"632C5110";"29/09/2018 16:11:00";"*"
"27/10/2018";"14:41:59";"229";"AC";"01007";"BUJARI";"9";"1762834";"997198996601568710632151";"632C5110";"29/09/2018 16:29:00";"*"
"27/10/2018";"14:41:59";"229";"AC";"01007";"BUJARI";"9";"1762618";"714370713851169131598051";"1D9EE409";"29/09/2018 16:36:00";"*"
"27/10/2018";"14:41:59";"229";"AC";"01007";"BUJARI";"9";"1761770";"754774753455090588345370";"1D9EE409";"29/09/2018 16:17:00";"*"
"27/10/2018";"14:41:59";"229";"AC";"01007";"BUJARI";"9";"1761523";"512350516831431927473428";"1D9EE409";"29/09/2018 16:11:00";"*"
"27/10/2018";"14:41:59";"229";"AC";"01007";"BUJARI";"9";"1761160";"259724253127361325651206";"632C5110";"29/09/2018 16:05:00";"*"
"27/10/2018";"14:41:59";"229";"AC";"01007";"BUJARI";"9";"1758907";"795178799059347055289231";"1D9EE409";"29/09/2018 15:39:00";"*"
"27/10/2018";"14:41:59";"229";"AC";"01007";"BUJARI";"9";"1758330";"360835367516583514792525";"1D9EE409";"29/09/2018 16:24:00";"*"
"27/10/2018";"14:41:59";"229";"AC";"01007";"BUJARI";"9";"1758214";"603259600662011508969571";"632C5110";"29/09/2018 16:18:00";"*"
"27/10/2018";"14:41:59";"229";"AC";"01007";"BUJARI";"9";"1758184";"431542435945813602344899";"632C5110";"29/09/2018 16:35:00";"*"
"27/10/2018";"14:41:59";"229";"AC";"01007";"BUJARI";"9";"1758078";"128411124614274986068057";"632C5110";"29/09/2018 16:23:00";"*"
"27/10/2018";"14:41:59";"229";"AC";"01007";"BUJARI";"9";"1757800";"98108094189124558104150";"1D9EE409";"29/09/2018 16:30:00";"*"
"27/10/2018";"14:41:59";"229";"AC";"01007";"BUJARI";"9";"1757060";"461845468826561472882466";"1D9EE409";"29/09/2018 15:50:00";"*"
